STATE/UT,DISTRICT,YEAR,MURDER,ATTEMPT TO MURDER,CULPABLE HOMICIDE NOT AMOUNTING TO MURDER,RAPE,CUSTODIAL RAPE,OTHER RAPE,KIDNAPPING & ABDUCTION,KIDNAPPING AND ABDUCTION OF WOMEN AND GIRLS,KIDNAPPING AND ABDUCTION OF OTHERS,DACOITY,PREPARATION AND ASSEMBLY FOR DACOITY,ROBBERY,BURGLARY,THEFT,AUTO THEFT,OTHER THEFT,RIOTS,CRIMINAL BREACH OF TRUST,CHEATING,COUNTERFIETING,ARSON,HURT/GREVIOUS HURT,DOWRY DEATHS,ASSAULT ON WOMEN WITH INTENT TO OUTRAGE HER MODESTY,INSULT TO MODESTY OF WOMEN,CRUELTY BY HUSBAND OR HIS RELATIVES,IMPORTATION OF GIRLS FROM FOREIGN COUNTRIES,CAUSING DEATH BY NEGLIGENCE,OTHER IPC CRIMES,TOTAL IPC CRIMES
ANDHRA PRADESH,ADILABAD,2001,101,60,17,50,0,50,46,30,16,9,0,41,198,199,22,177,78,16,104,1,30,1131,16,149,34,175,0,181,1518,4154
ANDHRA PRADESH,ANANTAPUR,2001,151,125,1,23,0,23,53,30,23,8,0,16,191,366,57,309,168,11,65,8,69,1543,7,118,24,154,0,270,754,4125
ANDHRA PRADESH,CHITTOOR,2001,101,57,2,27,0,27,59,34,25,4,0,14,237,723,164,559,156,33,209,9,38,2088,14,112,83,186,0,404,1262,5818
ANDHRA PRADESH,CUDDAPAH,2001,80,53,1,20,0,20,25,20,5,1,0,4,98,173,36,137,164,12,37,2,23,795,17,126,38,57,0,233,1181,3140
ANDHRA PRADESH,EAST GODAVARI,2001,82,67,1,23,0,23,49,26,23,4,0,25,437,1021,150,871,70,50,220,3,41,1244,12,109,58,247,0,431,2313,6507
ANDHRA PRADESH,GUNTAKAL RLY.,2001,3,1,0,0,0,0,0,0,0,5,0,2,0,162,0,162,1,0,0,3,0,1,0,1,0,0,0,4,104,287
ANDHRA PRADESH,GUNTUR,2001,182,88,2,54,0,54,82,51,31,16,3,59,338,1122,171,951,244,67,300,8,43,1792,7,139,129,378,0,369,2426,7848
ANDHRA PRADESH,HYDERABAD CITY,2001,111,113,7,37,0,37,80,39,41,13,0,67,1155,2792,1128,1664,65,101,1293,24,0,3137,24,118,27,746,0,409,1512,11831
ANDHRA PRADESH,KARIMNAGAR,2001,162,85,6,56,0,56,67,49,18,27,1,50,218,392,54,338,220,25,243,5,33,1392,62,414,81,224,0,322,1726,5811
ANDHRA PRADESH,KHAMMAM,2001,93,60,1,47,0,47,41,30,11,1,0,13,172,368,34,334,153,35,130,5,73,1026,17,180,336,172,0,209,1450,4582
ANDHRA PRADESH,KRISHNA,2001,65,51,0,37,0,37,36,21,15,3,0,15,163,478,27,451,70,24,104,1,62,1985,10,208,72,265,0,268,862,4779
ANDHRA PRADESH,KURNOOL,2001,133,72,4,29,0,29,47,47,0,6,0,22,155,297,6,291,84,6,126,2,5,1547,13,141,107,92,0,292,1401,4581
ANDHRA PRADESH,MAHABOOBNAGAR,2001,157,67,26,59,0,59,42,27,15,8,0,27,249,316,33,283,157,22,84,0,0,867,14,176,41,69,0,280,2158,4819
ANDHRA PRADESH,MEDAK,2001,101,56,12,35,0,35,26,20,6,27,0,26,219,286,36,250,100,17,87,4,37,1367,26,100,25,192,0,335,454,3532
ANDHRA PRADESH,NALGONDA,2001,122,60,1,35,0,35,27,19,8,6,0,28,133,318,43,275,220,13,122,8,72,1132,31,188,59,214,0,432,1781,5002
ANDHRA PRADESH,NELLORE,2001,89,69,5,46,0,46,90,80,10,12,2,16,244,608,72,536,97,20,177,3,65,1119,10,207,228,287,0,266,1585,5245
ANDHRA PRADESH,NIZAMABAD,2001,106,49,14,21,0,21,38,21,17,7,0,22,158,234,48,186,51,61,122,1,30,1383,19,55,15,228,0,220,787,3621
ANDHRA PRADESH,PRAKASHAM,2001,102,82,3,19,0,19,31,12,19,15,0,14,147,278,33,245,138,16,88,1,43,1266,5,140,100,119,0,263,808,3678
ANDHRA PRADESH,RANGA REDDY,2001,214,95,16,72,0,72,106,83,23,24,3,78,1076,1296,347,949,65,67,527,3,67,2829,37,113,55,421,7,593,2103,9867
ANDHRA PRADESH,SECUNDERABAD RLY.,2001,6,0,0,0,0,0,0,0,0,0,0,10,2,296,0,296,1,2,4,25,0,17,1,0,1,0,0,6,68,439
ANDHRA PRADESH,SRIKAKULAM,2001,38,10,4,8,0,8,12,12,0,1,0,4,118,231,1,230,70,18,53,0,34,679,6,38,47,108,0,167,926,2572
ANDHRA PRADESH,VIJAYAWADA,2001,53,44,5,25,0,25,70,48,22,3,0,27,491,2057,264,1793,19,34,614,10,17,1578,2,84,122,520,0,234,724,6733
ANDHRA PRADESH,VIJAYAWADA RLY.,2001,2,1,0,1,0,1,0,0,0,0,0,1,0,265,0,265,1,2,3,6,0,9,0,1,1,0,0,2,25,320
ANDHRA PRADESH,VISAKHA RURAL,2001,58,29,0,12,0,12,12,12,0,4,0,3,76,165,0,165,138,19,39,3,31,1476,3,67,48,99,0,216,685,3183
ANDHRA PRADESH,VISAKHAPATNAM,2001,22,10,1,13,0,13,13,6,7,1,0,5,323,630,172,458,9,37,192,3,15,325,0,33,462,204,0,196,928,3422
ANDHRA PRADESH,VIZIANAGARAM,2001,33,14,1,8,0,8,8,2,6,0,0,2,99,144,0,144,36,11,41,2,12,529,0,40,22,121,0,175,880,2178
ANDHRA PRADESH,WARANGAL,2001,158,79,5,53,0,53,81,25,56,2,0,23,266,418,79,339,330,6,137,2,0,1718,52,241,0,165,0,269,2314,6319
ANDHRA PRADESH,WEST GODAVARI,2001,77,58,1,61,0,61,41,21,20,7,0,15,257,1116,74,1042,96,63,270,2,32,972,15,246,56,348,0,354,1609,5696
ANDHRA PRADESH,TOTAL,2001,2602,1555,136,871,0,871,1182,765,417,214,9,629,7220,16751,3051,13700,3001,788,5391,144,872,34947,420,3544,2271,5791,7,7400,34344,130089
ARUNACHAL PRADESH,CHANGLANG,2001,11,2,0,1,0,1,3,2,1,3,2,4,18,24,0,24,0,4,3,0,1,30,0,3,0,0,0,0,54,163
ARUNACHAL PRADESH,DIBANG VALLEY,2001,3,5,0,2,0,2,4,4,0,2,0,5,18,19,1,18,0,3,0,0,0,27,0,4,0,2,0,0,45,139
ARUNACHAL PRADESH,KAMENG EAST,2001,3,1,0,2,0,2,7,5,2,1,0,6,8,26,0,26,0,1,1,0,1,36,0,5,0,0,0,0,28,126
ARUNACHAL PRADESH,KAMENG WEST,2001,4,2,0,0,0,0,2,2,0,1,0,0,6,26,0,26,0,1,4,0,0,27,0,0,0,0,0,0,30,103
ARUNACHAL PRADESH,LOHIT,2001,16,6,1,2,0,2,6,6,0,2,0,8,20,31,0,31,3,5,2,0,2,40,0,8,0,0,0,0,38,190
ARUNACHAL PRADESH,PAPUM PARE,2001,11,8,0,9,0,9,15,5,10,4,0,29,59,109,29,80,9,12,8,2,1,84,0,6,0,3,0,0,129,498
ARUNACHAL PRADESH,SIANG EAST,2001,7,0,0,5,0,5,11,7,4,4,0,8,25,52,4,48,1,4,4,0,1,58,0,7,0,2,0,0,54,243
ARUNACHAL PRADESH,SIANG UPPER,2001,1,1,0,2,0,2,5,5,0,0,0,0,5,9,0,9,1,1,0,0,2,15,0,3,0,0,0,0,11,56
ARUNACHAL PRADESH,SIANG WEST,2001,5,14,0,4,0,4,17,10,7,1,0,10,34,72,1,71,2,5,5,0,3,71,0,25,2,2,0,0,89,361
ARUNACHAL PRADESH,SUBANSIRI LOWER,2001,8,10,1,2,0,2,6,5,1,1,0,7,17,25,0,25,5,3,2,0,2,11,0,4,0,0,0,0,44,148
ARUNACHAL PRADESH,SUBANSIRI UPPER,2001,4,0,0,2,0,2,1,1,0,3,0,5,17,20,0,20,2,2,0,0,0,34,0,8,0,2,0,0,40,140
ARUNACHAL PRADESH,TAWANG,2001,2,0,0,1,0,1,0,0,0,0,0,0,3,13,1,12,0,0,1,0,0,3,0,5,1,0,0,0,19,48
ARUNACHAL PRADESH,TIRAP,2001,8,4,1,1,0,1,6,3,3,0,0,2,18,17,0,17,1,0,0,2,0,30,0,0,0,0,0,0,37,127
ASSAM,BARPETA,2001,64,5,0,28,0,28,105,88,17,43,1,45,93,187,2,185,196,26,29,1,38,266,10,29,0,95,0,87,430,1778
ASSAM,BONGAIGAON,2001,45,22,0,20,0,20,36,21,15,13,0,25,87,92,0,92,87,4,13,0,12,67,1,22,0,26,0,50,188,810
ASSAM,C.I.D.,2001,0,0,0,0,0,0,0,0,0,0,0,0,0,1,0,1,0,0,5,0,0,0,0,0,0,0,0,0,2,8
ASSAM,CACHAR,2001,52,30,1,45,0,45,104,74,30,29,0,42,189,359,0,359,533,29,33,4,64,286,7,80,0,216,0,235,1124,3462
ASSAM,DARRANG,2001,61,13,0,48,0,48,64,47,17,21,0,29,111,185,2,183,100,21,25,0,16,319,9,56,0,37,0,66,273,1454
ASSAM,DHEMAJI,2001,15,16,0,42,0,42,31,20,11,2,0,12,26,79,0,79,13,7,15,3,16,203,0,26,0,0,0,20,126,652
ASSAM,DHUBRI,2001,65,23,0,43,0,43,69,51,18,53,1,19,79,83,2,81,402,11,24,1,23,193,5,49,0,111,0,47,204,1505
ASSAM,DIBRUGARH,2001,110,22,6,35,0,35,57,37,20,14,0,29,114,325,18,307,21,13,12,1,20,351,3,41,0,19,0,108,264,1565
ASSAM,G.R.P.,2001,13,1,0,1,0,1,3,0,3,8,0,16,11,135,0,135,9,1,0,0,0,35,0,0,0,0,0,0,110,343
ASSAM,GOALPARA,2001,28,12,0,35,0,35,43,35,8,37,0,13,61,116,1,115,129,8,16,2,4,51,1,54,0,64,0,99,100,873
ASSAM,GOLAGHAT,2001,53,2,0,30,0,30,44,40,4,13,1,27,95,211,27,184,26,3,20,0,21,135,0,23,0,26,0,73,363,1166
ASSAM,GUWAHATI CITY,2001,71,44,12,37,0,37,129,64,65,38,4,73,227,736,124,612,151,52,72,7,18,913,5,67,0,98,0,311,1308,4373
ASSAM,HAILAKANDI,2001,18,4,0,24,0,24,36,34,2,6,0,8,93,92,1,91,160,6,14,0,19,60,2,27,0,28,0,26,197,820
ASSAM,JORHAT,2001,40,22,2,42,0,42,37,28,9,6,0,27,43,230,27,203,30,21,23,5,13,134,2,44,0,48,0,58,363,1190
ASSAM,KAMRUP,2001,37,30,8,21,0,21,95,65,30,30,1,41,196,275,40,235,55,26,50,1,6,404,2,42,0,27,0,52,612,2011
ASSAM,KARBI ANGLONG,2001,65,26,3,5,0,5,38,15,23,12,0,33,13,79,3,76,90,3,11,1,24,66,4,5,0,8,0,35,200,721
ASSAM,KARIMGANJ,2001,32,20,0,33,0,33,42,8,34,8,0,5,57,114,9,105,271,9,8,2,17,68,1,9,0,30,0,20,97,843
ASSAM,KOKRAJHAR,2001,87,27,1,14,0,14,41,12,29,14,0,10,42,89,0,89,50,3,10,2,6,156,0,37,0,20,0,50,117,776
ASSAM,LAKHIMPUR,2001,26,21,1,64,0,64,72,62,10,15,0,47,124,195,0,195,106,25,71,0,0,386,0,22,0,93,0,89,422,1779
ASSAM,MORIGAON,2001,20,9,0,23,0,23,39,37,2,15,0,10,84,66,3,63,79,4,7,1,5,31,0,6,0,28,0,45,259,731
ASSAM,N.C.HILLS,2001,17,8,1,2,0,2,8,4,4,4,0,5,17,30,3,27,4,8,3,0,3,22,0,2,0,7,0,16,30,187
ASSAM,NAGAON,2001,95,22,3,51,0,51,119,109,10,59,2,33,288,491,36,455,267,32,35,6,41,513,1,113,4,132,0,194,701,3202
ASSAM,NALBARI,2001,79,36,0,30,0,30,53,27,26,15,1,39,96,119,3,116,4,14,18,3,21,172,3,16,0,15,0,27,433,1194
ASSAM,R.P.O.,2001,11,0,0,3,0,3,2,0,2,13,0,2,1,29,0,29,13,0,1,0,0,0,0,0,0,0,0,0,26,101
ASSAM,SIBSAGAR,2001,59,24,0,47,0,47,64,64,0,3,0,41,1,343,35,308,50,14,29,5,21,286,0,28,0,0,0,82,546,1643
ASSAM,SONITPUR,2001,86,25,1,53,0,53,87,80,7,27,3,21,175,356,6,350,85,22,21,1,32,451,1,43,0,99,0,145,575,2309
ASSAM,TINSUKIA,2001,107,17,1,41,0,41,62,48,14,34,0,35,100,350,8,342,22,12,10,0,1,237,2,9,0,21,0,75,245,1381
BIHAR,ARARIA,2001,47,27,4,93,0,93,79,13,66,39,1,43,80,161,19,142,375,26,47,0,3,10,11,3,0,50,0,26,944,2069
BIHAR,ARWAL,2001,37,64,1,0,0,0,13,0,13,5,0,8,20,24,0,24,76,9,7,0,14,209,7,11,0,14,0,21,51,591
BIHAR,AURANGABAD,2001,74,46,0,16,0,16,24,4,20,19,1,28,137,103,8,95,155,13,28,2,3,25,33,13,2,19,0,82,867,1690
BIHAR,BAGAHA,2001,34,67,12,25,0,25,56,6,50,1,0,9,7,115,0,115,67,1,15,0,6,343,0,4,0,2,0,2,146,912
BIHAR,BANKA,2001,93,16,4,34,0,34,27,10,17,49,2,39,51,73,0,73,196,4,3,0,4,8,9,0,0,16,0,0,758,1386
BIHAR,BEGUSARAI,2001,124,77,5,13,0,13,53,7,46,18,0,67,76,265,16,249,147,26,26,0,6,65,21,32,0,21,0,71,1515,2628
BIHAR,BETTIAH,2001,66,9,20,20,0,20,84,23,61,8,2,32,93,265,14,251,340,35,33,1,21,842,17,23,0,54,8,41,782,2796
BIHAR,BHABHUA,2001,41,25,3,10,0,10,43,12,31,34,1,26,96,184,1,183,186,8,23,0,21,92,8,7,0,22,0,52,486,1368
BIHAR,BHAGALPUR,2001,128,73,6,35,0,35,66,9,57,22,6,55,127,370,25,345,171,22,47,1,13,9,20,15,0,52,0,53,1343,2634
BIHAR,BHOJPUR,2001,135,33,0,22,0,22,46,13,33,32,0,49,114,214,18,196,240,0,31,0,0,515,23,0,4,29,0,102,1217,2806
BIHAR,BUXAR,2001,56,38,0,8,0,8,34,1,33,49,0,34,76,179,5,174,189,0,57,0,18,39,15,0,0,0,0,82,800,1674
BIHAR,DARBHANGA,2001,53,64,4,19,0,19,39,16,23,29,0,37,65,103,8,95,142,39,31,38,17,0,37,40,0,34,0,66,1715,2572
BIHAR,GAYA,2001,200,170,7,25,0,25,66,15,51,100,1,114,149,416,50,366,417,57,79,0,23,292,26,27,0,24,0,127,862,3182
BIHAR,GOPALGANJ,2001,107,92,4,13,0,13,59,18,41,32,7,73,81,153,25,128,227,45,75,0,6,42,22,0,2,155,0,96,807,2098
BIHAR,JAMALPUR RLY.,2001,7,0,0,1,0,1,4,0,4,9,2,13,1,117,4,113,0,0,3,0,0,0,0,1,0,1,0,4,62,225
BIHAR,JAMUI,2001,67,74,3,10,0,10,14,1,13,22,1,14,40,81,1,80,134,10,7,1,1,225,16,8,0,15,0,14,289,1046
BIHAR,JEHANABAD,2001,73,80,2,6,0,6,35,5,30,15,2,22,53,121,10,111,170,0,51,0,0,0,25,0,0,4,0,0,694,1353
BIHAR,KATIHAR,2001,60,47,2,51,0,51,49,20,29,49,0,30,49,146,13,133,193,26,23,5,1,64,6,6,0,29,0,71,904,1811
BIHAR,KATIHAR RLY.,2001,7,0,0,0,0,0,3,1,2,18,1,19,12,221,10,211,9,0,9,0,0,0,0,2,0,0,0,0,116,417
BIHAR,KHAGARIA,2001,72,27,2,5,0,5,34,6,28,6,3,29,17,86,7,79,167,4,6,0,1,5,11,6,0,2,0,59,353,895
BIHAR,KISHANGANJ,2001,25,15,1,22,0,22,23,16,7,19,0,10,34,57,10,47,116,15,5,0,8,4,4,2,1,39,0,16,481,897
BIHAR,LAKHISARAI,2001,61,44,5,10,0,10,30,7,23,9,0,13,25,79,3,76,93,5,6,0,4,9,6,12,0,5,0,33,305,754
BIHAR,MADHEPURA,2001,56,23,7,11,0,11,49,15,34,17,1,31,13,69,16,53,157,11,17,1,8,4,6,3,0,10,0,18,550,1062
BIHAR,MADHUBANI,2001,35,65,5,13,0,13,36,11,25,24,0,17,86,98,0,98,195,11,9,0,4,615,12,41,0,18,0,110,1503,2897
BIHAR,MOTIHARI,2001,114,98,11,44,0,44,100,35,65,30,7,79,105,271,3,268,365,46,103,6,23,112,37,3,1,47,0,36,2243,3881
BIHAR,MUNGER,2001,51,108,0,11,0,11,45,15,30,6,0,29,57,157,17,140,218,0,29,0,12,173,8,0,0,39,0,28,787,1758
BIHAR,MUZAFFARPUR,2001,153,162,21,73,0,73,113,25,88,32,14,135,118,538,104,434,241,67,94,1,42,103,69,81,0,141,6,141,1867,4212
BIHAR,MUZAFFARPUR RLY.,2001,13,3,0,2,0,2,5,1,4,4,0,15,8,313,24,289,13,2,20,0,1,53,0,4,0,1,0,0,81,538
BIHAR,NALANDA,2001,208,249,18,40,0,40,126,12,114,51,5,97,92,412,14,398,318,19,34,3,13,611,47,14,2,54,0,60,1006,3479
BIHAR,NAUGACHIA,2001,36,65,0,7,0,7,29,9,20,15,3,18,7,32,0,32,56,5,11,0,1,52,4,0,0,5,0,31,193,570
BIHAR,NAWADAH,2001,77,54,5,15,0,15,42,1,41,16,2,31,37,66,2,64,183,9,30,0,12,282,17,7,0,13,1,61,555,1515
BIHAR,PATNA,2001,434,581,30,27,0,27,197,11,186,91,31,414,426,1568,399,1169,506,196,331,12,54,354,90,47,0,152,39,178,2825,8583
BIHAR,PATNA RLY.,2001,24,21,0,1,0,1,3,1,2,18,15,21,4,811,19,792,11,1,11,0,0,0,0,9,0,0,0,3,174,1127
BIHAR,PURNEA,2001,104,89,10,39,0,39,64,23,41,75,5,97,100,227,27,200,269,5,28,3,7,35,8,5,0,22,0,77,785,2054
BIHAR,ROHTAS,2001,127,112,4,25,0,25,72,18,54,78,6,68,144,317,51,266,391,37,52,2,27,472,36,21,0,59,0,376,535,2961
BIHAR,SAHARSA,2001,36,151,3,12,0,12,27,10,17,3,0,15,24,56,6,50,156,22,25,0,6,229,7,9,0,12,0,29,244,1066
BIHAR,SAMASTIPUR,2001,107,115,20,19,0,19,75,29,46,33,15,61,94,247,26,221,312,39,33,0,45,255,11,17,9,35,29,21,1261,2853
BIHAR,SARAN,2001,137,70,0,20,0,20,65,15,50,69,6,93,96,246,32,214,309,12,14,1,43,878,67,22,0,101,0,106,1087,3442
BIHAR,SHEIKHPURA,2001,28,1,1,3,0,3,16,1,15,16,0,12,15,89,0,89,136,4,10,0,3,6,9,0,0,32,0,15,408,804
BIHAR,SHEOHAR,2001,18,0,1,11,0,11,13,7,6,7,0,8,5,16,0,16,38,0,1,0,0,0,3,0,0,2,0,0,305,428
BIHAR,SITAMARHI,2001,51,5,3,23,0,23,34,20,14,24,0,15,47,132,2,130,218,10,41,7,7,29,13,1,0,21,0,5,1111,1797
BIHAR,SIWAN,2001,116,150,9,4,0,4,51,26,25,45,3,100,77,112,29,83,239,13,26,0,16,47,32,6,0,10,0,44,753,1853
BIHAR,SUPAUL,2001,41,61,4,30,0,30,26,2,24,31,1,40,49,129,9,120,170,9,8,0,0,0,7,8,0,18,0,0,1040,1672
BIHAR,VAISHALI,2001,110,148,13,20,0,20,90,28,62,22,3,43,226,262,23,239,295,83,120,1,8,436,59,52,0,179,0,49,1857,4076
CHHATTISGARH,BALRAMPUR,2001,13,2,0,17,0,17,1,1,0,17,1,11,26,21,0,21,15,0,6,0,2,30,1,18,0,7,0,7,40,235
CHHATTISGARH,BILASPUR,2001,99,42,11,69,0,69,20,20,0,4,1,37,551,690,72,618,166,5,23,0,17,617,7,180,10,94,0,93,1617,4353
CHHATTISGARH,BIZAPUR,2001,9,13,0,4,0,4,0,0,0,2,0,6,9,3,3,0,1,0,0,0,6,11,0,1,0,0,0,2,19,86
CHHATTISGARH,DANTEWARA,2001,83,37,0,19,0,19,11,8,3,7,0,5,59,64,5,59,14,1,5,0,5,116,1,18,1,3,0,31,259,739
CHHATTISGARH,DHAMTARI,2001,14,6,0,22,0,22,4,4,0,2,0,0,125,110,11,99,22,3,12,0,1,127,1,41,5,6,0,45,450,996
CHHATTISGARH,DURG,2001,76,66,0,144,0,144,57,42,15,9,1,50,593,893,208,685,48,15,91,1,35,595,12,287,38,231,0,0,3302,6544
CHHATTISGARH,GRP RAIPUR,2001,2,1,0,0,0,0,0,0,0,2,0,9,8,197,5,192,4,0,2,0,0,8,0,4,0,1,0,0,77,315
CHHATTISGARH,JAGDALPUR,2001,80,35,4,59,0,59,6,4,2,2,0,23,146,172,18,154,35,9,11,2,12,216,3,49,2,14,0,0,932,1812
CHHATTISGARH,JANJGIR,2001,48,29,0,29,0,29,9,6,3,2,1,25,193,237,25,212,105,4,23,0,23,556,9,110,13,116,0,56,471,2059
CHHATTISGARH,JASHPUR,2001,37,16,6,36,0,36,2,2,0,5,2,17,88,54,8,46,13,17,7,1,8,98,2,41,1,4,0,24,240,719
CHHATTISGARH,KANKER,2001,31,17,1,42,0,42,4,4,0,3,1,5,67,53,11,42,23,2,9,0,3,76,1,36,3,10,0,26,347,760
CHHATTISGARH,KAWARDHA,2001,19,12,2,35,0,35,1,0,1,1,1,2,69,43,4,39,10,2,4,0,4,167,1,45,4,15,0,12,236,685
CHHATTISGARH,KORBA,2001,33,13,1,46,0,46,13,13,0,0,0,8,221,305,72,233,67,6,47,0,7,515,1,90,7,31,0,67,634,2112
CHHATTISGARH,KORIYA,2001,35,25,4,34,0,34,7,7,0,3,2,6,228,153,7,146,21,3,9,0,7,163,3,102,2,31,0,42,764,1644
CHHATTISGARH,MAHASAMUND,2001,18,20,5,43,0,43,7,7,0,2,0,6,108,146,21,125,30,8,27,0,10,174,6,69,6,21,0,63,416,1185
CHHATTISGARH,RAIGARH,2001,50,24,0,53,0,53,6,6,0,2,3,13,212,173,27,146,34,39,17,0,4,277,2,104,5,22,0,39,571,1650
CHHATTISGARH,RAIPUR,2001,92,102,10,104,0,104,38,28,10,10,5,58,793,953,347,606,110,24,64,4,28,1259,16,253,42,121,0,182,2518,6786
CHHATTISGARH,RAJNANDGAON,2001,36,27,0,58,0,58,4,3,1,3,1,15,289,231,38,193,50,10,14,0,11,142,3,92,12,51,0,0,1601,2650
CHHATTISGARH,SARGUJA,2001,105,42,1,145,0,145,17,16,1,11,0,42,359,314,38,276,103,6,31,0,32,330,1,223,10,62,0,0,1296,3130
GOA,NORTH GOA,2001,22,16,4,4,0,4,4,1,3,5,0,10,189,291,80,211,33,25,29,0,10,93,2,12,2,6,0,110,404,1271
GOA,SOUTH GOA,2001,14,14,1,8,0,8,5,5,0,2,0,15,170,285,88,197,31,14,33,2,6,81,0,5,5,5,0,81,293,1070
GUJARAT,AHMEDABAD COMMR.,2001,90,58,60,39,0,39,143,117,26,18,4,192,695,3588,1740,1848,191,140,205,13,2,1311,7,54,27,530,0,0,6129,13496
GUJARAT,AHMEDABAD RURAL,2001,26,17,1,5,0,5,27,27,0,15,1,25,122,225,30,195,50,20,9,0,24,482,0,26,0,84,0,190,797,2146
GUJARAT,AHWA-DANG,2001,6,0,0,1,0,1,2,1,1,0,0,1,6,8,1,7,10,3,4,0,2,32,0,2,0,2,0,14,54,147
GUJARAT,AMRELI,2001,41,11,0,2,0,2,39,34,5,4,0,25,127,199,33,166,52,15,21,5,17,363,2,21,0,94,0,73,1080,2191
GUJARAT,ANAND,2001,28,16,0,3,0,3,30,28,2,10,0,14,195,427,87,340,63,113,76,0,22,596,0,27,3,210,0,150,1896,3879
GUJARAT,BHARUCH,2001,37,14,0,4,0,4,39,34,5,13,0,17,150,388,93,295,44,70,71,1,22,385,0,19,0,56,0,180,1542,3052
GUJARAT,BHAVNAGAR,2001,64,28,0,9,0,9,60,51,9,5,0,48,203,561,190,371,113,154,103,3,25,100,2,36,7,129,0,0,3438,5088
GUJARAT,DAHOD,2001,36,8,0,5,0,5,15,15,0,22,0,44,76,120,41,79,49,26,0,0,31,394,0,17,0,11,0,0,863,1717
GUJARAT,GANDHINAGAR,2001,25,11,0,4,0,4,15,12,3,14,0,22,182,585,167,418,64,37,38,1,5,430,3,37,7,116,0,3,1879,3478
GUJARAT,HIMATNAGAR,2001,55,9,3,17,0,17,31,29,2,23,0,29,204,191,50,141,65,58,52,1,25,357,4,51,0,165,0,203,2470,4013
GUJARAT,JAMNAGAR,2001,48,27,2,20,0,20,27,22,5,2,0,20,204,530,172,358,34,46,25,2,13,418,2,18,2,163,0,0,2254,3857
GUJARAT,JUNAGADH,2001,56,37,0,14,0,14,46,39,7,4,0,52,252,547,131,416,88,97,122,1,14,541,11,44,8,384,0,162,2706,5186
GUJARAT,KHEDA NORTH,2001,42,5,0,11,0,11,30,30,0,9,0,19,159,358,72,286,63,54,63,1,21,472,0,43,0,122,0,184,2195,3851
GUJARAT,KUTCH,2001,34,29,18,2,0,2,24,22,2,8,0,11,133,307,107,200,55,19,40,1,11,467,2,25,1,176,0,229,1763,3355
GUJARAT,MEHSANA,2001,28,17,0,4,0,4,58,49,9,23,5,45,195,557,87,470,98,47,90,0,15,1206,5,47,1,188,0,152,2394,5175
GUJARAT,NARMADA,2001,16,3,0,8,0,8,9,8,1,1,0,0,14,46,9,37,9,3,15,0,11,96,0,7,1,9,0,42,246,536
GUJARAT,NAVSARI,2001,26,6,0,2,0,2,6,5,1,7,1,13,98,120,37,83,22,43,19,1,6,144,0,6,0,17,0,0,867,1404
GUJARAT,PALANPUR,2001,52,45,0,18,0,18,41,35,6,13,0,47,212,420,64,356,94,54,55,4,21,1370,2,50,2,152,0,133,1102,3887
GUJARAT,PANCHMAHAL,2001,56,13,0,5,0,5,46,46,0,21,0,19,147,313,65,248,50,53,34,2,57,530,0,1,23,43,0,0,1122,2535
GUJARAT,PATAN,2001,24,18,0,3,0,3,21,21,0,8,0,19,76,220,26,194,78,52,29,0,12,422,0,23,0,78,0,81,1283,2447
GUJARAT,PORBANDAR,2001,15,9,0,6,0,6,5,5,0,0,0,3,44,116,37,79,8,38,15,0,5,136,0,10,0,64,0,37,704,1215
GUJARAT,RAJKOT COMMR.,2001,29,33,1,5,0,5,46,38,8,5,0,31,306,1245,530,715,110,56,71,1,9,628,3,19,12,199,0,82,1883,4774
GUJARAT,RAJKOT RURAL,2001,30,36,3,20,0,20,40,35,5,9,0,23,198,378,65,313,58,172,44,3,21,616,2,45,3,206,0,197,2298,4402
GUJARAT,SURAT COMMR.,2001,98,19,2,11,0,11,57,37,20,26,5,59,353,1422,958,464,127,66,228,6,10,353,20,10,1,132,0,167,823,3995
GUJARAT,SURAT RURAL,2001,62,8,0,26,0,26,23,16,7,12,2,28,100,219,66,153,30,36,33,1,9,315,0,11,0,34,0,316,501,1766
GUJARAT,SURENDRANAGAR,2001,38,17,0,11,0,11,29,24,5,7,1,13,103,204,36,168,73,45,32,1,9,522,2,45,3,75,0,0,1883,3113
GUJARAT,VADODARA COMMR.,2001,34,14,0,3,0,3,35,32,3,4,0,39,244,997,449,548,151,104,182,3,7,365,0,11,10,90,0,153,2601,5047
GUJARAT,VADODARA RURAL,2001,71,13,1,18,0,18,38,34,4,15,0,21,67,210,24,186,34,67,56,0,10,354,0,34,0,81,0,170,1877,3137
GUJARAT,VALSAD,2001,44,8,3,9,0,9,16,11,5,22,0,25,246,432,135,297,40,50,37,2,12,301,0,10,0,50,0,0,1802,3109
GUJARAT,W.RLY,2001,15,8,0,1,0,1,0,0,0,7,0,87,31,901,2,899,7,10,10,2,1,54,0,7,0,7,0,6,267,1421
HARYANA,AMBALA,2001,26,23,2,11,0,11,38,32,6,2,5,18,316,365,154,211,5,13,76,0,11,280,11,27,0,132,0,0,985,2346
HARYANA,BHIWANI,2001,40,20,8,10,0,10,9,7,2,0,10,19,132,190,120,70,109,26,54,1,16,267,33,17,0,43,0,2,849,1855
HARYANA,FARIDABAD,2001,68,38,7,37,0,37,78,53,25,7,25,44,236,668,444,224,133,117,61,6,14,304,19,47,242,108,0,18,3531,5808
HARYANA,FATEHABAD,2001,18,23,2,17,0,17,20,13,7,3,5,11,96,141,61,80,11,1,52,2,6,210,17,17,0,93,0,1,468,1214
HARYANA,GRP,2001,24,3,0,0,0,0,2,2,0,0,0,5,1,169,35,134,9,1,3,2,0,11,5,1,26,0,0,7,346,615
HARYANA,GURGAON,2001,69,30,5,32,0,32,50,32,18,4,15,51,294,794,435,359,78,55,29,2,20,244,17,21,21,136,0,5,1530,3502
HARYANA,HISSAR,2001,45,53,7,10,0,10,26,18,8,2,11,27,244,438,258,180,28,23,159,2,8,392,24,33,0,117,0,4,1177,2830
HARYANA,JHAJJAR,2001,48,28,2,21,0,21,14,8,6,2,0,25,98,183,66,117,68,21,50,1,0,193,20,42,13,122,0,84,466,1501
HARYANA,JIND,2001,37,21,6,21,0,21,12,8,4,2,28,28,151,148,66,82,71,66,51,3,2,160,11,22,29,67,0,4,512,1452
HARYANA,KAITHAL,2001,33,15,8,16,0,16,9,8,1,3,4,9,103,144,66,78,0,60,16,1,28,216,9,19,0,105,0,1,396,1195
HARYANA,KARNAL,2001,42,24,7,44,0,44,31,10,21,8,3,16,208,468,194,274,47,20,59,2,11,726,18,28,2,97,0,187,335,2383
HARYANA,KURUKSHETRA,2001,20,8,4,31,0,31,14,14,0,5,4,13,132,343,131,212,0,20,130,1,4,172,10,28,8,68,0,0,738,1753
HARYANA,MAHENDRAGARH,2001,26,10,0,11,0,11,13,8,5,1,0,1,59,116,32,84,47,34,9,1,21,157,8,19,0,23,0,2,611,1169
HARYANA,PANCHKULA,2001,12,7,1,6,0,6,18,15,3,1,0,5,118,226,95,131,1,22,19,2,2,21,4,23,10,43,0,73,440,1054
HARYANA,PANIPAT,2001,43,26,3,38,0,38,19,10,9,20,8,47,182,415,243,172,35,20,53,1,7,144,11,16,11,92,0,191,513,1895
HARYANA,REWARI,2001,21,13,4,11,0,11,13,11,2,0,2,7,86,155,72,83,39,10,19,0,23,130,12,17,0,14,0,0,638,1214
HARYANA,ROHTAK,2001,57,29,1,28,0,28,13,6,7,5,4,29,229,365,203,162,37,18,58,4,10,187,17,26,20,41,0,144,534,1856
HARYANA,SIRSA,2001,37,33,5,17,0,17,18,7,11,2,1,5,194,240,108,132,24,14,43,1,6,349,12,23,0,98,0,1,645,1768
HARYANA,SONIPAT,2001,73,49,4,15,0,15,26,12,14,5,7,28,130,347,165,182,6,10,43,3,8,346,18,22,14,51,0,132,607,1944
HARYANA,YAMUNANAGAR,2001,42,14,2,22,0,22,26,23,3,5,9,9,100,202,74,128,2,5,32,2,6,235,9,30,5,63,0,0,585,1405
HIMACHAL PRADESH,CHAMBA,2001,13,3,0,12,0,12,17,15,2,0,0,1,92,29,4,25,6,5,8,0,8,63,0,23,1,21,0,40,213,555
HIMACHAL PRADESH,HAMIRPUR,2001,2,5,1,3,0,3,3,3,0,0,0,1,29,17,1,16,26,5,11,0,7,178,1,17,2,33,0,44,362,747
HIMACHAL PRADESH,KANGRA,2001,24,16,3,18,0,18,30,21,9,1,0,4,146,108,26,82,125,1,29,1,26,280,1,43,0,58,0,2,1119,2035
HIMACHAL PRADESH,KINNAUR,2001,5,0,0,6,0,6,3,3,0,0,0,0,24,2,0,2,4,2,0,0,1,4,0,4,0,2,0,26,64,147
HIMACHAL PRADESH,KULLU,2001,13,1,0,13,0,13,7,6,1,0,0,1,50,17,5,12,27,3,7,1,6,36,0,12,0,2,0,36,398,630
HIMACHAL PRADESH,LAHAUL-SPITI,2001,1,0,0,2,0,2,1,1,0,0,0,1,5,1,0,1,2,0,1,0,1,1,0,0,0,1,0,9,24,50
HIMACHAL PRADESH,MANDI,2001,18,8,0,16,0,16,11,10,1,0,0,3,107,64,18,46,83,6,22,0,34,218,0,59,4,56,0,75,963,1747
HIMACHAL PRADESH,SHIMLA,2001,14,13,2,18,0,18,13,11,2,0,0,7,170,188,42,146,122,13,31,0,13,89,2,50,1,31,0,60,1127,1964
HIMACHAL PRADESH,SIRMAUR,2001,3,5,0,10,0,10,13,11,2,0,0,4,37,27,8,19,56,2,12,0,4,60,3,33,4,22,0,47,361,703
HIMACHAL PRADESH,SOLAN,2001,11,8,4,12,0,12,13,10,3,0,0,1,77,59,16,43,62,17,7,0,9,279,2,23,1,24,0,45,476,1130
HIMACHAL PRADESH,UNA,2001,6,6,1,9,0,9,5,5,0,1,0,2,57,38,9,29,38,4,6,0,5,121,0,11,0,20,0,64,319,713
JAMMU & KASHMIR,ANANTNAG,2001,74,41,0,6,0,6,59,36,23,5,0,16,126,83,15,68,67,5,28,0,51,20,0,53,12,0,0,23,435,1104
JAMMU & KASHMIR,AWANTIPORA,2001,25,3,0,1,0,1,14,13,1,0,0,4,21,19,1,18,10,0,1,1,9,2,0,8,2,0,0,0,196,316
JAMMU & KASHMIR,BARAMULLA,2001,144,155,2,28,0,28,75,59,16,2,0,16,114,156,19,137,146,3,11,2,40,18,0,93,14,0,0,22,492,1533
JAMMU & KASHMIR,BORDER,2001,6,42,0,12,0,12,10,10,0,0,0,0,24,19,2,17,15,6,16,0,2,14,0,15,5,3,0,39,480,708
JAMMU & KASHMIR,BUDGAM,2001,78,103,6,7,0,7,40,34,6,0,0,2,65,94,5,89,88,3,6,0,13,0,0,35,9,0,0,22,241,812
JAMMU & KASHMIR,CRIME JAMMU,2001,0,0,0,0,0,0,0,0,0,0,0,0,0,0,0,0,0,0,27,0,0,0,0,0,0,0,0,0,0,27
JAMMU & KASHMIR,CRIME SRINAGAR,2001,0,0,0,0,0,0,0,0,0,0,0,0,0,0,0,0,0,8,61,0,0,0,0,0,0,0,0,0,0,69
JAMMU & KASHMIR,DODA,2001,104,147,0,7,0,7,15,15,0,2,0,6,19,18,0,18,17,6,4,0,40,13,0,6,2,1,0,18,202,627
JAMMU & KASHMIR,GANDERBAL,2001,24,8,2,5,0,5,33,31,2,1,0,0,28,44,7,37,50,0,3,1,13,6,0,30,4,0,0,11,132,395
JAMMU & KASHMIR,JAMMU,2001,27,82,6,13,0,13,43,43,0,0,0,4,238,479,210,269,103,10,62,5,13,58,5,40,94,26,0,112,2187,3607
JAMMU & KASHMIR,KARGIL,2001,0,0,0,0,0,0,2,1,1,0,0,0,2,6,3,3,5,0,0,0,3,1,0,1,0,0,0,0,62,82
JAMMU & KASHMIR,KATHUA,2001,16,28,1,13,0,13,11,10,1,1,0,2,50,37,4,33,43,0,8,0,15,28,3,14,4,1,0,65,477,817
JAMMU & KASHMIR,KULGAM,2001,39,16,2,6,0,6,35,31,4,1,0,17,36,43,5,38,77,5,6,0,34,9,0,7,11,0,0,19,272,635
JAMMU & KASHMIR,KUPWARA,2001,141,269,0,6,0,6,47,29,18,0,0,1,36,39,1,38,74,8,10,0,22,18,0,62,2,0,0,12,280,1027
JAMMU & KASHMIR,LEH,2001,3,1,0,0,0,0,1,1,0,0,0,0,7,6,0,6,5,3,3,0,0,0,0,1,0,0,0,0,107,137
JAMMU & KASHMIR,POONCH,2001,100,189,0,13,0,13,16,10,6,1,0,0,13,67,0,67,30,3,6,0,40,27,0,4,6,2,0,8,241,766
JAMMU & KASHMIR,PULWAMA,2001,46,90,0,7,0,7,37,33,4,1,0,27,66,144,16,128,127,3,10,1,23,9,0,19,12,0,0,0,261,883
JAMMU & KASHMIR,RAILWAYS,2001,1,1,0,0,0,0,0,0,0,0,0,0,1,3,0,3,0,0,0,0,0,0,0,0,0,0,0,0,11,17
JAMMU & KASHMIR,RAJOURI,2001,76,97,1,17,0,17,20,20,0,2,0,4,28,21,0,21,3,4,14,0,18,34,3,7,6,6,0,2,602,965
JAMMU & KASHMIR,RAMBAN,2001,51,50,1,3,0,3,7,3,4,1,0,1,11,12,1,11,2,5,3,0,19,19,0,3,2,0,0,1,346,537
JAMMU & KASHMIR,REASI,2001,36,75,3,7,0,7,11,9,2,1,0,0,8,22,0,22,6,7,2,0,12,3,0,5,4,0,0,0,187,389
JAMMU & KASHMIR,SRINAGAR,2001,63,49,8,8,0,8,115,102,13,6,0,59,382,490,333,157,158,7,102,5,64,18,0,207,88,2,0,0,1211,3042
JAMMU & KASHMIR,UDHAMPUR,2001,21,28,1,10,0,10,15,14,1,0,0,2,70,117,11,106,46,4,8,0,6,21,2,12,11,9,0,3,624,1010
JHARKHAND,BOKARO,2001,70,75,2,26,0,26,38,32,6,38,2,66,108,435,35,400,119,16,17,21,13,74,25,24,2,45,0,76,644,1936
JHARKHAND,CHAIBASA,2001,109,34,10,32,0,32,17,10,7,7,2,9,38,99,42,57,22,8,22,0,5,35,0,6,0,0,0,0,214,669
JHARKHAND,CHATRA,2001,40,10,0,6,0,6,10,3,7,23,0,15,30,80,8,72,90,0,13,0,1,0,7,0,0,6,0,0,417,748
JHARKHAND,DEOGHAR,2001,47,82,4,22,0,22,7,0,7,13,2,15,66,129,29,100,118,8,14,0,11,259,10,13,1,10,0,0,275,1106
JHARKHAND,DHANBAD,2001,97,31,7,32,0,32,57,45,12,56,8,48,203,546,43,503,205,11,77,0,14,318,30,47,0,18,0,15,1096,2916
JHARKHAND,DHANBAD RLY.,2001,11,0,0,2,0,2,4,0,4,12,0,13,9,209,2,207,4,0,8,0,0,0,0,0,0,0,0,0,88,360
JHARKHAND,DUMKA,2001,63,32,4,27,0,27,24,0,24,11,2,8,48,66,36,30,75,14,8,0,16,263,3,20,0,23,0,18,291,1016
JHARKHAND,GARHWA,2001,32,6,6,11,0,11,5,2,3,19,0,17,32,54,15,39,113,2,15,0,12,125,15,0,0,5,0,0,319,788
JHARKHAND,GIRIDIH,2001,63,65,6,42,0,42,15,10,5,56,0,27,116,111,56,55,173,18,49,0,21,38,30,13,0,57,0,65,953,1918
JHARKHAND,GODDA,2001,61,0,0,37,0,37,30,26,4,24,0,18,66,70,49,21,90,0,3,0,0,0,1,0,0,0,0,0,630,1030
JHARKHAND,GUMLA,2001,136,18,7,29,0,29,16,11,5,30,0,44,31,56,39,17,40,4,7,0,0,0,0,2,0,10,1,0,227,658
JHARKHAND,HAZARIBAGH,2001,76,35,4,41,0,41,42,31,11,85,3,68,150,348,80,268,268,9,54,0,5,479,31,15,0,18,0,6,761,2498
JHARKHAND,JAMSHEDPUR,2001,81,190,8,50,0,50,60,51,9,10,2,27,134,343,67,276,131,85,115,0,8,76,6,58,0,88,0,140,1100,2712
JHARKHAND,JAMSHEDPUR RLY.,2001,4,0,0,1,0,1,0,0,0,6,0,4,3,65,1,64,2,0,3,0,0,0,0,1,0,0,0,0,59,148
JHARKHAND,JAMTARA,2001,22,30,0,18,0,18,14,11,3,6,2,9,21,68,24,44,61,2,10,0,3,146,5,13,0,20,0,2,21,473
JHARKHAND,KODERMA,2001,21,18,1,2,0,2,14,2,12,13,0,15,27,77,3,74,80,16,17,0,3,18,11,8,1,29,0,45,251,667
JHARKHAND,LATEHAR,2001,54,8,5,12,0,12,4,2,2,44,3,9,13,48,15,33,27,2,0,0,0,0,6,0,0,0,0,0,145,380
JHARKHAND,LOHARDAGGA,2001,33,4,0,12,0,12,14,8,6,8,0,11,14,28,16,12,29,4,5,0,3,11,0,4,0,10,0,0,121,311
JHARKHAND,PAKUR,2001,31,19,0,23,0,23,7,0,7,11,0,5,13,37,29,8,39,6,19,0,7,5,7,0,0,18,0,0,236,483
JHARKHAND,PALAMU,2001,73,52,3,15,0,15,14,2,12,43,3,32,71,94,20,74,160,21,5,0,23,343,18,8,0,28,1,38,416,1461
JHARKHAND,RANCHI,2001,243,65,18,73,0,73,1,1,0,81,4,140,2,647,97,550,66,47,55,0,10,21,4,24,1,78,0,0,22,1602
JHARKHAND,SAHEBGANJ,2001,47,34,3,20,0,20,17,5,12,12,0,8,25,80,26,54,72,5,19,1,10,42,3,23,0,21,0,15,171,628
JHARKHAND,SARAIKELA,2001,44,56,53,17,0,17,19,15,4,15,5,12,43,123,22,101,29,5,17,0,0,0,4,18,0,0,0,0,232,692
JHARKHAND,SIMDEGA,2001,49,2,2,17,0,17,12,12,0,13,10,27,3,14,0,14,5,0,2,1,0,1,1,0,0,0,0,0,88,247
KARNATAKA,BAGALKOT,2001,59,34,10,2,0,2,17,7,10,2,0,3,47,105,27,78,218,6,18,2,12,315,1,39,0,50,0,0,770,1710
KARNATAKA,BANGALORE COMMR.,2001,221,327,5,40,0,40,152,56,96,31,25,284,2108,6293,2401,3892,298,258,1708,79,3,3735,40,223,51,229,0,38,11106,27254
KARNATAKA,BANGALORE RURAL,2001,137,86,2,13,0,13,37,10,27,23,0,32,405,533,92,441,358,22,60,2,39,1097,30,90,0,123,0,0,2120,5209
KARNATAKA,BELGAUM,2001,120,55,2,8,0,8,27,12,15,19,0,47,212,386,139,247,389,17,102,1,25,1002,4,62,0,125,0,21,2429,5053
KARNATAKA,BELLARY,2001,58,41,1,16,0,16,14,11,3,5,0,20,179,303,75,228,260,9,19,1,13,709,5,82,0,49,0,0,1445,3229
KARNATAKA,BIDAR,2001,48,58,4,7,0,7,19,10,9,7,2,36,154,202,45,157,163,7,33,0,21,1015,2,90,3,51,0,0,2449,4371
KARNATAKA,BIJAPUR,2001,51,47,4,6,0,6,24,19,5,5,0,21,108,202,34,168,396,5,19,3,34,695,1,65,0,92,0,0,1163,2941
KARNATAKA,CHAMARAJNAGAR,2001,19,18,0,4,0,4,5,5,0,1,1,9,72,133,20,113,107,3,10,1,25,480,7,43,0,15,0,0,437,1390
KARNATAKA,CHICKMAGALUR,2001,41,24,3,8,0,8,12,7,5,4,0,10,148,222,44,178,187,7,25,4,5,885,4,57,8,83,0,7,1022,2766
KARNATAKA,CHITRADURGA,2001,31,22,0,18,0,18,4,0,4,8,0,20,115,145,38,107,269,7,22,1,8,717,2,48,0,35,0,0,1219,2691
KARNATAKA,DAKSHIN KANNADA,2001,33,36,0,3,0,3,9,6,3,1,0,8,214,219,109,110,127,15,55,5,12,411,1,24,0,25,0,3,1846,3047
KARNATAKA,DAVANAGERE,2001,58,39,6,22,0,22,23,13,10,5,1,26,246,332,114,218,297,12,46,3,1,684,8,84,5,77,0,1,1325,3301
KARNATAKA,DHARWAD COMMR.,2001,16,24,0,4,0,4,8,4,4,5,0,34,159,245,99,146,168,8,56,0,7,191,2,3,0,24,0,4,944,1902
KARNATAKA,DHARWAD RURAL,2001,25,10,2,3,0,3,3,2,1,3,0,5,30,38,1,37,110,7,14,1,0,132,3,8,0,8,0,0,497,899
KARNATAKA,GADAG,2001,22,17,1,2,0,2,4,2,2,4,0,13,55,55,16,39,109,4,23,1,1,165,3,10,0,18,0,0,392,899
KARNATAKA,GULBARGA,2001,95,83,3,20,0,20,35,21,14,10,3,61,246,268,55,213,423,6,68,0,25,1148,6,143,1,104,0,0,1421,4169
KARNATAKA,HASSAN,2001,64,69,0,20,0,20,17,0,17,5,0,23,162,268,59,209,210,9,17,0,0,1483,4,75,1,68,0,0,1544,4039
KARNATAKA,HAVERI,2001,24,17,4,3,0,3,12,11,1,7,0,10,85,111,21,90,260,9,20,2,0,393,5,42,0,32,0,0,1175,2211
KARNATAKA,K.G.F.,2001,20,22,3,1,0,1,12,7,5,4,0,6,94,108,19,89,73,0,12,1,0,256,4,12,0,20,0,0,258,906
KARNATAKA,KODAGU,2001,26,33,2,4,0,4,4,4,0,1,0,3,105,87,11,76,170,2,6,6,3,350,4,22,0,14,0,0,459,1301
KARNATAKA,KOLAR,2001,69,72,4,17,0,17,21,18,3,3,0,25,156,284,63,221,373,9,48,1,0,664,18,42,0,39,0,0,1385,3230
KARNATAKA,KOPPAL,2001,23,33,0,6,0,6,12,12,0,3,0,8,71,120,17,103,166,2,21,1,5,279,5,40,1,23,0,0,587,1406
KARNATAKA,MANDYA,2001,67,47,3,15,0,15,9,1,8,2,0,28,195,328,53,275,280,7,30,2,0,1431,7,50,0,72,0,0,2234,4807
KARNATAKA,MYSORE COMMR.,2001,32,34,0,2,0,2,11,7,4,0,0,32,109,326,140,186,67,17,52,1,0,360,9,8,1,48,0,0,794,1903
KARNATAKA,MYSORE RURAL,2001,53,58,1,12,0,12,14,4,10,0,0,0,167,200,16,184,212,5,15,2,0,1081,6,79,2,51,0,0,942,2900
KARNATAKA,RAICHUR,2001,33,38,9,12,0,12,11,5,6,4,3,13,137,150,46,104,261,8,94,1,15,602,1,63,4,52,0,16,857,2384
KARNATAKA,SHIMOGA,2001,56,48,1,12,0,12,14,10,4,1,0,15,206,292,100,192,260,4,31,1,20,1148,6,65,0,134,0,0,1864,4178
KARNATAKA,TUMKUR,2001,80,55,4,6,0,6,21,4,17,10,1,27,237,389,92,297,234,13,26,3,69,1099,28,53,0,44,0,4,1738,4141
KARNATAKA,UDUPI,2001,16,14,0,2,0,2,2,0,2,1,0,12,93,112,39,73,107,4,15,1,5,304,0,16,2,16,0,6,1231,1959
KARNATAKA,UTTAR KANNADA,2001,17,14,0,4,0,4,5,3,2,1,0,5,70,81,24,57,118,11,11,1,4,437,3,27,2,34,0,0,1474,2319
KERALA,ALAPUZHA,2001,22,32,2,21,0,21,8,6,2,2,0,18,227,195,109,86,419,18,152,9,35,1373,1,162,2,105,0,0,4516,7319
KERALA,CBCID,2001,22,7,0,2,0,2,2,0,2,1,0,1,5,5,0,5,6,18,37,119,1,5,0,0,0,4,0,0,15,250
KERALA,ERNAKULAM,2001,44,67,7,38,0,38,20,7,13,25,0,80,592,1264,294,970,626,22,267,12,25,1756,3,162,3,161,0,0,9669,14843
KERALA,IDUKKI,2001,33,30,1,34,0,34,0,0,0,3,0,16,240,254,39,215,301,55,78,0,10,1726,0,145,16,127,0,0,2352,5421
KERALA,KANNUR,2001,26,58,4,42,0,42,12,7,5,1,0,18,277,213,75,138,831,17,183,8,6,1175,0,77,7,157,0,0,2776,5888
KERALA,KASARGOD,2001,18,23,2,28,0,28,4,1,3,32,0,9,132,145,79,66,683,11,55,4,0,627,0,0,0,66,0,0,1277,3116
KERALA,KOLLAM,2001,41,65,21,55,0,55,16,9,7,13,0,62,334,291,120,171,575,16,120,14,63,2398,3,235,0,315,0,0,4645,9282
KERALA,KOTTAYAM,2001,34,26,3,22,0,22,18,12,6,2,0,54,319,373,125,248,347,25,252,8,17,1763,2,125,8,82,0,0,3602,7082
KERALA,KOZHIKODE,2001,34,35,8,39,0,39,12,10,2,28,1,15,448,428,153,275,1127,26,302,6,391,1035,2,118,8,319,0,0,4012,8394
KERALA,MALAPPURAM,2001,23,33,5,71,0,71,17,4,13,6,0,11,288,340,157,183,663,40,211,14,30,1119,3,92,3,448,0,0,4011,7428
KERALA,PALAKKAD,2001,45,57,14,63,0,63,14,10,4,11,0,30,342,315,120,195,608,66,159,5,67,1629,5,112,10,215,0,0,2749,6516
KERALA,PATHANAMTHITTA,2001,20,13,16,12,0,12,0,0,0,1,0,7,144,129,65,64,224,10,65,6,29,970,0,90,3,95,0,0,2266,4100
KERALA,THRISSUR,2001,42,79,20,42,0,42,18,9,9,14,0,82,406,516,188,328,577,40,390,11,4,1329,2,223,16,198,0,0,6456,10465
KERALA,TRIVANDRUM,2001,53,79,6,57,0,57,41,21,20,32,12,104,597,636,244,392,892,35,394,18,77,2436,6,345,2,210,0,0,5336,11368
KERALA,WAYANADU,2001,15,11,2,35,0,35,1,1,0,5,0,8,122,140,25,115,190,29,90,5,13,479,0,56,3,59,0,0,823,2086
MADHYA PRADESH,BALAGHAT,2001,56,43,8,87,0,87,11,11,0,0,5,7,229,226,21,205,42,10,10,0,18,568,3,157,12,72,0,51,1310,2925
MADHYA PRADESH,BARWANI,2001,41,30,3,34,0,34,2,2,0,2,2,18,130,237,30,207,35,6,5,1,10,795,5,81,9,18,0,71,473,2008
MADHYA PRADESH,BETUL,2001,56,48,1,95,0,95,19,16,3,0,0,18,199,246,33,213,9,6,15,0,16,521,7,135,4,71,0,59,1112,2637
MADHYA PRADESH,BHIND,2001,63,97,2,31,0,31,47,20,27,3,8,28,223,283,25,258,99,9,28,1,17,851,34,80,2,54,0,88,1313,3361
MADHYA PRADESH,BHOPAL,2001,61,109,0,106,0,106,55,48,7,8,6,99,852,1351,425,926,77,33,192,0,8,652,15,252,56,132,0,272,9372,13708
MADHYA PRADESH,BHOPAL RLY.,2001,5,3,0,1,0,1,2,2,0,1,0,25,10,705,13,692,3,0,8,0,0,1,0,10,3,0,0,2,257,1036
MADHYA PRADESH,CHHATARPUR,2001,54,72,1,65,0,65,28,23,5,4,4,42,240,163,0,163,104,0,36,0,20,445,20,193,10,46,0,96,1718,3361
MADHYA PRADESH,CHHINDWARA,2001,78,51,2,93,0,93,18,16,2,0,1,18,165,239,66,173,26,16,67,0,26,1085,10,203,32,109,0,98,1335,3672
MADHYA PRADESH,DAMOH,2001,43,78,0,66,0,66,18,10,8,3,1,24,114,188,20,168,54,3,18,0,32,1042,28,189,0,58,0,0,920,2879
MADHYA PRADESH,DATIYA,2001,53,55,0,12,0,12,25,8,17,3,1,26,87,103,12,91,30,1,8,0,9,424,8,57,0,18,0,38,908,1866
MADHYA PRADESH,DEWAS,2001,50,112,0,78,0,78,20,11,9,10,1,67,367,677,115,562,119,16,22,0,39,508,15,279,80,96,0,107,2376,5039
MADHYA PRADESH,DHAR,2001,89,99,0,68,0,68,22,18,4,6,10,35,285,651,72,579,48,33,25,0,28,635,41,168,21,88,0,0,2558,4910
MADHYA PRADESH,DINDORI,2001,13,4,0,20,0,20,2,2,0,0,0,2,52,44,7,37,6,5,6,0,4,119,0,53,6,4,0,14,467,821
MADHYA PRADESH,GUNA,2001,71,72,4,124,0,124,17,15,2,9,12,50,448,350,46,304,171,14,27,0,35,1602,7,317,22,95,0,116,2438,6001
MADHYA PRADESH,GWALIOR,2001,84,168,5,59,0,59,46,22,24,4,5,144,939,925,305,620,170,22,81,0,25,1084,20,139,8,49,0,189,2680,6846
MADHYA PRADESH,HARDA,2001,14,12,0,28,0,28,2,2,0,1,0,3,43,74,10,64,23,0,9,0,8,109,9,35,0,27,0,0,349,746
MADHYA PRADESH,HOSHANGABAD,2001,53,57,27,65,0,65,16,13,3,0,0,31,253,286,51,235,33,8,25,0,13,479,9,109,6,31,0,0,1240,2741
MADHYA PRADESH,INDORE,2001,111,133,1,84,0,84,50,35,15,5,10,112,874,2708,1360,1348,129,59,149,3,29,1306,25,215,63,161,0,269,6567,13063
MADHYA PRADESH,INDORE RLY.,2001,6,4,2,2,0,2,0,0,0,0,1,7,3,193,3,190,2,0,5,0,0,14,0,5,1,0,0,0,108,353
MADHYA PRADESH,JABALPUR,2001,103,167,28,108,0,108,33,20,13,0,3,126,596,887,300,587,112,14,40,0,15,2024,28,264,50,81,0,186,3468,8333
MADHYA PRADESH,JABALPUR RLY.,2001,3,0,0,0,0,0,0,0,0,0,1,15,0,221,6,215,1,2,2,0,0,14,1,4,0,0,0,0,95,359
MADHYA PRADESH,JHABUA,2001,124,119,3,44,0,44,83,80,3,5,5,20,163,269,13,256,74,5,10,0,45,634,5,127,4,24,0,0,1653,3416
MADHYA PRADESH,KATNI,2001,51,37,1,25,0,25,9,3,6,0,0,29,168,239,56,183,33,1,26,0,8,816,11,106,12,59,0,64,590,2285
MADHYA PRADESH,KHANDWA,2001,41,46,0,63,0,63,14,12,2,5,1,11,311,290,44,246,64,9,44,0,9,84,11,184,15,49,0,58,2602,3911
MADHYA PRADESH,KHARGON,2001,47,41,5,47,0,47,15,14,1,5,9,21,171,533,24,509,80,16,16,0,17,540,5,164,29,21,0,3,1714,3499
MADHYA PRADESH,MANDLA,2001,35,13,0,64,0,64,9,9,0,2,0,11,190,116,20,96,18,2,29,0,15,444,4,151,19,46,0,40,914,2122
MADHYA PRADESH,MANDSAUR,2001,28,33,1,41,0,41,15,8,7,3,0,32,197,444,96,348,56,14,27,2,27,345,4,102,11,30,0,76,1128,2616
MADHYA PRADESH,MORENA,2001,63,99,2,35,0,35,35,18,17,16,3,76,381,564,88,476,198,4,13,0,19,929,29,77,2,34,0,111,2539,5229
MADHYA PRADESH,NARSINGHPUR,2001,38,49,0,70,0,70,7,4,3,1,1,11,121,149,26,123,32,1,10,0,24,832,22,156,16,40,0,51,680,2311
MADHYA PRADESH,NEEMUCH,2001,17,18,0,37,0,37,16,7,9,5,0,15,203,376,52,324,65,24,32,3,18,391,1,83,18,62,0,51,773,2208
MADHYA PRADESH,PANNA,2001,24,26,0,44,0,44,11,10,1,1,0,10,145,99,4,95,54,1,10,1,11,62,19,104,2,31,0,26,1240,1921
MADHYA PRADESH,RAISEN,2001,39,79,9,79,0,79,11,9,2,5,0,27,116,187,12,175,59,6,7,1,18,460,20,194,31,50,0,10,1601,3009
MADHYA PRADESH,RAJGARH,2001,42,68,1,95,0,95,12,9,3,4,0,35,135,218,34,184,161,7,13,0,51,538,7,196,26,49,0,93,1967,3718
MADHYA PRADESH,RATLAM,2001,58,60,0,70,0,70,21,13,8,5,6,54,233,468,102,366,42,13,37,1,17,448,4,125,28,53,0,69,1530,3342
MADHYA PRADESH,REWA,2001,53,54,0,31,0,31,26,18,8,6,2,67,706,410,110,300,149,1,23,0,31,445,18,105,2,56,0,127,2291,4603
MADHYA PRADESH,SAGAR,2001,84,122,0,141,0,141,30,16,14,4,0,53,473,497,22,475,151,10,56,1,51,2669,29,509,0,142,0,106,2553,7681
MADHYA PRADESH,SATNA,2001,49,48,0,58,0,58,16,5,11,3,2,52,588,495,125,370,87,4,12,0,34,822,19,157,6,65,0,125,2121,4763
MADHYA PRADESH,SEONI,2001,40,25,3,52,0,52,3,2,1,1,1,6,122,161,19,142,49,8,19,0,7,344,10,106,23,25,0,73,1065,2143
MADHYA PRADESH,SHAHDOL,2001,57,28,4,63,0,63,13,13,0,2,1,34,464,390,52,338,44,17,19,0,26,433,9,216,3,87,0,0,2252,4162
MADHYA PRADESH,SHAJAPUR,2001,42,46,1,90,0,90,13,8,5,1,3,47,273,588,95,493,92,11,28,0,35,744,8,153,36,65,0,59,1328,3663
MADHYA PRADESH,SHEOPUR,2001,24,30,2,21,0,21,18,3,15,4,4,10,54,94,9,85,38,7,8,0,4,321,6,52,0,14,0,15,327,1053
MADHYA PRADESH,SHIVPURI,2001,88,63,2,72,0,72,20,11,9,5,11,48,272,255,217,38,140,11,27,0,38,792,14,172,2,26,0,162,2101,4321
MADHYA PRADESH,SIDHI,2001,36,21,2,42,0,42,33,30,3,9,1,15,315,346,18,328,33,2,25,2,23,561,27,105,2,66,0,89,1753,3508
MADHYA PRADESH,SIHORE,2001,35,54,1,59,0,59,29,27,2,1,2,19,355,364,59,305,53,17,26,0,23,331,5,130,17,45,0,68,1755,3389
MADHYA PRADESH,TIKAMGARH,2001,53,46,3,86,0,86,7,4,3,6,2,46,154,172,11,161,90,0,12,0,26,878,15,177,2,27,0,64,1212,3078
MADHYA PRADESH,UJJAIN,2001,84,163,1,59,0,59,44,33,11,6,1,79,826,1387,265,1122,133,24,64,3,38,744,7,161,33,109,0,52,3623,7641
MADHYA PRADESH,UMARIYA,2001,19,12,0,25,0,25,3,2,1,2,0,19,130,127,1,126,30,4,16,0,12,130,2,61,5,21,0,0,1231,1849
MADHYA PRADESH,VIDISHA,2001,47,56,0,112,0,112,10,6,4,0,4,20,174,268,41,227,77,5,26,0,35,880,13,245,22,56,0,49,1536,3635
MAHARASHTRA,AHMEDNAGAR,2001,97,41,1,44,0,44,37,25,12,20,6,104,312,715,168,547,266,37,59,7,44,575,0,74,2,496,0,479,975,4391
MAHARASHTRA,AKOLA,2001,64,41,0,15,0,15,15,14,1,9,0,41,298,735,81,654,99,15,59,16,48,836,2,109,7,189,0,116,1306,4020
MAHARASHTRA,AMRAVATI COMMR.,2001,44,29,3,23,0,23,27,23,4,10,0,48,259,812,163,649,95,10,41,2,15,429,10,43,26,55,0,60,796,2837
MAHARASHTRA,AMRAVATI RURAL,2001,72,23,0,42,0,42,29,25,4,1,0,36,359,1031,26,1005,112,12,31,1,23,884,4,99,38,92,0,126,640,3655
MAHARASHTRA,AURANGABAD COMMR.,2001,36,27,0,14,0,14,19,14,5,3,2,40,239,503,179,324,130,26,108,1,3,371,4,33,12,102,0,109,569,2351
MAHARASHTRA,AURANGABAD RURAL,2001,61,12,0,28,0,28,16,6,10,14,1,49,193,273,30,243,139,13,35,0,24,780,6,53,12,247,0,172,580,2708
MAHARASHTRA,BEED,2001,68,43,1,22,0,22,25,15,10,16,1,62,264,499,70,429,272,14,41,0,38,1012,2,78,15,177,0,174,820,3644
MAHARASHTRA,BHANDARA,2001,32,22,3,39,0,39,4,1,3,2,0,15,195,402,27,375,63,12,19,1,55,392,5,71,37,60,0,90,733,2252
MAHARASHTRA,BULDHANA,2001,49,32,1,22,0,22,22,18,4,11,1,27,227,749,45,704,246,17,46,0,69,753,35,118,21,223,0,155,877,3701
MAHARASHTRA,CHANDRAPUR,2001,49,26,4,43,0,43,10,7,3,8,0,36,253,572,57,515,110,21,35,1,39,538,2,102,28,144,0,180,922,3123
MAHARASHTRA,DHULE,2001,48,25,1,16,0,16,6,6,0,7,3,13,96,360,56,304,86,20,36,0,22,338,6,17,8,127,0,189,616,2040
MAHARASHTRA,GADCHIROLI,2001,47,24,3,27,0,27,7,6,1,11,0,15,127,124,15,109,28,3,12,0,51,246,0,55,17,57,0,49,461,1364
MAHARASHTRA,GONDIA,2001,41,17,3,23,0,23,17,17,0,4,4,13,238,326,30,296,20,18,30,2,20,328,4,85,22,80,0,94,617,2006
MAHARASHTRA,HINGOLI,2001,36,27,0,20,0,20,9,8,1,4,2,39,119,241,24,217,96,6,20,0,33,471,2,44,4,134,0,61,473,1841
MAHARASHTRA,JALGAON,2001,83,44,0,19,0,19,16,12,4,16,5,30,238,557,72,485,157,41,119,0,22,721,5,76,31,389,0,259,1186,4014
MAHARASHTRA,JALNA,2001,43,24,0,16,0,16,12,8,4,13,1,46,209,345,48,297,120,13,38,0,38,675,5,56,7,172,0,109,587,2529
MAHARASHTRA,KOLHAPUR,2001,54,33,3,26,0,26,21,13,8,11,3,32,299,561,164,397,129,35,71,2,20,516,19,46,7,80,0,279,915,3162
MAHARASHTRA,LATUR,2001,42,17,0,7,0,7,22,22,0,3,2,31,157,281,58,223,211,20,45,2,28,992,38,50,7,150,0,134,805,3044
MAHARASHTRA,MUMBAI,2001,295,200,6,127,0,127,148,12,136,61,80,406,2863,11564,3095,8469,196,393,1270,170,6,3845,18,274,44,198,0,709,6095,28968
MAHARASHTRA,MUMBAI RLY.,2001,12,9,1,2,0,2,1,0,1,0,3,29,3,1756,0,1756,13,26,34,0,0,30,0,5,0,0,0,2,97,2023
MAHARASHTRA,NAGPUR COMMR.,2001,112,70,2,39,0,39,64,51,13,14,55,171,1388,2666,797,1869,235,74,263,11,15,1078,7,75,56,218,0,223,3076,9912
MAHARASHTRA,NAGPUR RLY.,2001,12,1,0,2,0,2,0,0,0,6,0,20,2,762,8,754,18,5,7,11,2,29,2,4,0,0,0,3,170,1056
MAHARASHTRA,NAGPUR RURAL,2001,101,56,6,81,0,81,23,16,7,7,1,58,501,1074,62,1012,180,27,37,0,81,1050,3,131,294,141,0,254,1574,5680
MAHARASHTRA,NANDED,2001,80,66,4,23,0,23,41,36,5,21,11,93,426,539,73,466,217,40,128,0,67,1480,21,85,22,202,0,127,1655,5348
MAHARASHTRA,NANDURBAR,2001,44,20,0,16,0,16,6,6,0,4,0,5,68,132,19,113,80,12,13,0,4,240,2,27,1,78,0,59,268,1079
MAHARASHTRA,NASIK COMMR.,2001,25,14,2,9,0,9,14,9,5,7,1,16,263,529,188,341,139,18,61,0,19,245,3,19,2,99,0,138,572,2195
MAHARASHTRA,NASIK RURAL,2001,92,54,1,39,0,39,17,10,7,40,0,36,280,447,90,357,518,57,54,1,69,926,7,74,37,339,0,495,1297,4880
MAHARASHTRA,NAVI MUMBAI,2001,34,18,0,17,0,17,19,7,12,15,16,62,375,893,318,575,80,88,148,6,3,354,5,23,5,57,0,228,617,3063
MAHARASHTRA,OSMANABAD,2001,48,13,1,16,0,16,8,7,1,8,1,29,189,349,45,304,101,17,34,0,26,903,2,52,6,102,0,171,626,2702
MAHARASHTRA,PARBHANI,2001,49,28,0,25,0,25,22,16,6,5,2,43,143,230,18,212,148,14,42,1,31,994,1,57,10,120,0,70,440,2475
MAHARASHTRA,PUNE COMMR.,2001,71,44,3,56,0,56,46,28,18,14,13,98,840,2508,1277,1231,903,84,347,5,16,1004,2,54,105,147,1,300,2275,8936
MAHARASHTRA,PUNE RLY.,2001,4,1,2,0,0,0,0,0,0,1,0,4,0,302,1,301,3,1,3,0,0,10,0,3,0,0,0,0,52,386
MAHARASHTRA,PUNE RURAL,2001,119,41,6,42,0,42,24,17,7,23,20,70,301,635,168,467,150,35,46,1,28,517,5,64,11,165,0,698,1379,4380
MAHARASHTRA,RAIGAD,2001,53,11,0,20,0,20,8,1,7,13,7,27,200,296,54,242,104,16,44,2,10,276,1,29,7,55,0,275,764,2218
MAHARASHTRA,RATNAGIRI,2001,17,5,1,10,0,10,8,4,4,3,2,14,97,256,34,222,69,18,20,1,17,232,0,32,19,62,0,119,429,1431
MAHARASHTRA,SANGLI,2001,85,24,1,32,0,32,18,8,10,8,3,27,225,515,97,418,128,31,55,0,47,566,12,54,22,96,0,263,787,2999
MAHARASHTRA,SATARA,2001,57,19,0,32,0,32,12,7,5,6,2,20,266,464,127,337,93,43,91,2,24,487,13,49,9,179,0,387,1210,3465
MAHARASHTRA,SINDHUDURG,2001,14,4,1,7,0,7,2,2,0,1,0,4,125,106,17,89,17,12,13,1,11,171,0,20,13,8,0,66,225,821
MAHARASHTRA,SOLAPUR COMMR.,2001,30,14,1,16,0,16,15,11,4,7,1,32,165,306,98,208,70,7,49,3,3,230,6,15,4,62,0,82,449,1567
MAHARASHTRA,SOLAPUR RURAL,2001,101,30,3,35,0,35,23,14,9,19,12,29,134,365,65,300,162,33,30,4,29,637,6,40,12,90,0,384,967,3145
MAHARASHTRA,THANE COMMR.,2001,133,81,3,39,0,39,62,37,25,27,52,146,1022,1774,644,1130,223,76,477,7,4,1285,6,69,43,212,0,251,624,6616
MAHARASHTRA,THANE RURAL,2001,140,33,17,65,0,65,28,16,12,40,14,53,496,523,147,376,148,45,83,3,30,635,6,76,25,104,0,475,741,3780
MAHARASHTRA,WARDHA,2001,60,25,4,35,0,35,12,12,0,6,0,20,266,592,30,562,174,15,29,0,27,757,9,98,35,89,0,139,1051,3443
MAHARASHTRA,WASHIM,2001,29,21,3,15,0,15,13,13,0,7,0,17,121,409,21,388,65,5,5,0,22,396,10,60,10,116,0,61,441,1826
MAHARASHTRA,YAVATMAL,2001,56,45,10,56,0,56,37,31,6,3,1,33,232,788,67,721,106,17,45,1,25,978,12,125,27,177,0,179,1204,4157
MANIPUR,BISHNUPUR,2001,29,25,1,1,0,1,3,3,0,3,0,2,6,11,1,10,11,3,3,1,7,21,0,0,0,1,0,0,98,226
MANIPUR,CHANDEL,2001,7,7,0,0,0,0,1,1,0,16,0,4,2,1,0,1,0,1,1,0,1,13,0,0,0,0,0,0,20,74
MANIPUR,CHURACHANDPUR,2001,35,21,0,1,0,1,0,0,0,0,0,0,4,12,1,11,0,0,3,3,3,3,0,0,0,0,0,0,47,132
MANIPUR,IMPHAL(EAST),2001,29,29,2,7,0,7,13,6,7,0,0,1,12,28,16,12,24,6,16,5,8,26,0,2,0,1,0,0,128,337
MANIPUR,IMPHAL(WEST),2001,44,42,2,7,0,7,48,37,11,1,0,2,38,121,52,69,83,18,25,9,27,75,0,17,0,3,0,1,521,1084
MANIPUR,SENAPATI,2001,27,10,0,0,0,0,6,0,6,0,0,1,2,9,0,9,2,3,1,1,2,1,0,0,0,0,0,0,111,176
MANIPUR,TAMENGLONG,2001,2,1,0,0,0,0,0,0,0,0,0,0,1,4,0,4,0,0,0,0,3,2,0,0,0,0,0,1,0,14
MANIPUR,THOUBAL,2001,32,32,0,4,0,4,22,14,8,0,17,6,8,20,1,19,11,2,17,1,13,56,0,1,0,0,0,5,156,403
MANIPUR,UKHRUL,2001,4,1,0,0,0,0,1,1,0,0,0,3,2,11,0,11,0,0,0,0,0,4,0,1,0,0,0,0,16,43
MEGHALAYA,GARO HILLS EAST,2001,16,9,0,2,0,2,5,0,5,7,0,14,7,16,0,16,1,2,1,0,1,12,0,2,0,0,0,0,39,134
MEGHALAYA,GARO HILLS SOUTH,2001,6,3,0,1,0,1,2,0,2,3,0,4,2,8,0,8,1,0,0,0,0,2,0,0,0,1,0,0,16,49
MEGHALAYA,GARO HILLS WEST,2001,19,3,0,5,0,5,14,0,14,9,0,4,34,30,3,27,3,0,4,1,3,24,0,8,0,0,0,0,74,235
MEGHALAYA,JAINTIA HILLS,2001,35,3,0,7,0,7,6,4,2,17,0,7,8,30,0,30,1,2,2,0,2,21,0,3,0,0,0,0,70,214
MEGHALAYA,KHASI HILLS EAST,2001,50,25,1,5,0,5,20,5,15,27,3,68,109,142,11,131,2,15,18,2,19,30,0,8,0,3,0,0,207,754
MEGHALAYA,KHASI HILLS WEST,2001,16,2,0,4,0,4,0,0,0,19,0,16,0,23,0,23,0,0,1,0,0,3,0,2,0,0,0,0,39,125
MEGHALAYA,RI-BHOI,2001,22,2,1,2,0,2,8,2,6,15,0,12,10,22,2,20,0,0,3,0,1,10,0,2,0,0,0,0,66,176
MIZORAM,AIZAWL,2001,12,6,4,26,0,26,0,0,0,0,0,8,265,562,9,553,1,16,45,6,16,39,0,13,0,1,0,12,94,1126
MIZORAM,CHAMPHAI,2001,2,1,0,7,0,7,1,0,1,0,0,0,37,51,1,50,0,2,8,2,1,15,0,7,0,0,0,0,69,203
MIZORAM,KOLASIB,2001,3,1,1,6,0,6,0,0,0,0,0,0,19,83,1,82,1,4,5,1,6,11,0,15,0,0,0,7,53,216
MIZORAM,LAWNGTLAI,2001,2,0,0,2,0,2,0,0,0,1,0,0,10,25,0,25,0,0,2,0,1,5,0,0,0,0,0,0,112,160
MIZORAM,LUNGLEI,2001,5,4,0,3,0,3,0,0,0,1,0,0,47,120,5,115,0,1,5,0,0,5,0,11,0,0,0,0,27,229
MIZORAM,MAMIT,2001,4,0,0,0,0,0,0,0,0,1,0,13,1,12,0,12,1,0,0,3,0,2,0,0,0,15,2,0,20,74
MIZORAM,SAIHA,2001,2,2,0,3,0,3,0,0,0,0,0,1,29,0,0,0,0,0,6,0,0,9,0,6,0,0,0,0,124,182
MIZORAM,SERCHHIP,2001,1,1,0,5,0,5,1,1,0,0,0,1,9,25,1,24,0,0,0,0,0,8,0,0,0,0,1,4,0,56
NAGALAND,DIMAPUR,2001,36,5,4,4,0,4,13,4,9,4,0,89,55,114,48,66,0,10,7,0,0,10,0,0,0,0,0,14,99,464
NAGALAND,KIPHIRE,2001,1,0,0,0,0,0,0,0,0,0,0,0,2,5,0,5,0,0,0,0,0,0,0,0,0,0,0,0,10,18
NAGALAND,KOHIMA,2001,25,16,0,6,0,6,3,0,3,2,0,19,30,66,40,26,0,7,16,2,0,6,0,6,0,0,0,0,131,335
NAGALAND,MOKOKCHUNG,2001,12,2,4,1,0,1,1,0,1,1,0,5,14,12,1,11,0,0,3,0,1,5,0,0,0,0,0,0,32,93
NAGALAND,MON,2001,3,3,1,2,0,2,2,2,0,1,0,5,13,6,0,6,0,1,2,0,0,6,0,0,0,0,0,3,9,57
NAGALAND,PEREN,2001,0,2,0,0,0,0,0,0,0,0,0,1,9,4,0,4,0,0,1,0,0,0,0,0,0,0,0,0,11,28
NAGALAND,PHEK,2001,7,4,0,1,0,1,2,0,2,2,0,2,9,7,0,7,0,0,0,0,0,5,0,0,0,0,0,0,12,51
NAGALAND,TUENSANG,2001,1,3,0,0,0,0,0,0,0,1,0,2,7,5,0,5,0,2,2,0,0,0,0,0,0,0,0,0,18,41
NAGALAND,WOKHA,2001,12,3,0,1,0,1,2,0,2,0,0,3,11,28,0,28,2,0,1,0,0,5,0,0,0,0,0,2,23,93
NAGALAND,ZUNHEBOTO,2001,4,1,0,2,0,2,0,0,0,0,0,3,13,11,0,11,0,0,2,0,0,0,0,0,0,0,0,0,18,54
ODISHA,ANGUL,2001,39,27,5,33,0,33,5,5,0,3,0,19,85,175,9,166,62,10,26,0,22,127,8,90,0,53,0,184,488,1461
ODISHA,BALASORE,2001,17,10,2,58,0,58,37,32,5,12,1,43,175,164,17,147,76,10,27,0,26,173,36,92,9,68,0,0,1305,2341
ODISHA,BARAGARH,2001,23,36,9,19,0,19,8,8,0,0,0,25,90,146,0,146,80,6,16,0,12,38,0,41,2,30,0,83,580,1244
ODISHA,BERHAMPUR,2001,23,52,1,10,0,10,13,10,3,7,2,54,113,143,45,98,41,13,19,1,14,235,4,41,6,29,0,31,418,1270
ODISHA,BHADRAK,2001,27,10,0,35,0,35,20,18,2,2,0,16,81,93,7,86,53,9,11,0,10,36,23,29,5,79,0,45,770,1354
ODISHA,BOLANGIR,2001,32,10,4,19,0,19,16,16,0,3,0,20,56,112,6,106,51,8,38,0,10,223,4,91,11,61,0,0,554,1323
ODISHA,BOUDH,2001,9,6,0,6,0,6,5,5,0,0,0,5,23,39,0,39,24,3,4,0,20,35,1,21,3,6,0,9,196,415
ODISHA,CUTTACK,2001,35,143,0,34,0,34,43,33,10,21,0,121,306,738,90,648,33,27,105,1,28,0,39,42,1,125,0,0,2416,4258
ODISHA,DEOGARH,2001,16,2,1,8,0,8,4,4,0,3,0,7,23,22,0,22,17,1,2,0,2,160,2,33,0,8,0,15,37,363
ODISHA,DHENKANAL,2001,25,30,1,15,0,15,14,7,7,2,1,26,48,84,14,70,55,8,18,0,20,54,14,82,5,31,0,52,571,1156
ODISHA,GAJAPATI,2001,19,7,1,10,0,10,5,3,2,2,0,1,13,40,2,38,16,2,13,0,5,16,1,13,2,7,0,27,233,433
ODISHA,GANJAM,2001,58,92,1,22,0,22,14,10,4,8,2,31,96,124,10,114,64,9,14,0,30,170,1,102,6,9,0,187,750,1790
ODISHA,JAGATSINGHPUR,2001,26,21,6,12,0,12,21,16,5,9,0,31,72,136,8,128,23,6,7,0,8,115,16,13,2,30,0,32,728,1314
ODISHA,JAJPUR,2001,21,16,0,24,0,24,14,14,0,2,0,30,103,129,16,113,21,2,9,0,8,223,16,16,3,42,0,85,758,1522
ODISHA,JHARSUGUDA,2001,15,29,1,12,0,12,5,5,0,4,3,12,46,81,15,66,6,6,11,0,4,45,4,39,1,13,0,133,280,750
ODISHA,KALAHANDI,2001,29,34,0,30,0,30,17,17,0,1,0,34,75,75,7,68,91,5,12,0,3,95,0,22,5,9,0,31,701,1269
ODISHA,KANDHAMAL,2001,24,10,2,34,0,34,25,25,0,2,0,19,74,115,1,114,44,11,8,1,14,368,4,95,15,29,0,2,104,1000
ODISHA,KENDRAPARA,2001,24,36,1,11,0,11,15,15,0,4,0,21,56,78,10,68,16,6,10,2,12,37,24,66,176,57,0,85,320,1057
ODISHA,KEONJHAR,2001,62,31,2,38,0,38,19,19,0,4,0,16,85,154,10,144,55,12,17,1,24,44,4,127,16,41,0,0,1170,1922
ODISHA,KHURDA,2001,46,85,1,65,0,65,39,32,7,24,4,151,481,953,356,597,86,27,126,0,31,1248,11,28,9,171,0,161,1329,5076
ODISHA,KORAPUT,2001,39,30,7,38,0,38,13,13,0,4,0,16,92,153,15,138,64,11,31,1,8,82,7,56,124,132,0,0,655,1563
ODISHA,MALKANGIR,2001,36,27,2,14,0,14,6,5,1,10,0,8,25,42,7,35,23,3,6,1,5,70,0,27,0,12,0,14,165,496
ODISHA,MAYURBHANJ,2001,74,45,0,77,0,77,31,31,0,16,0,39,120,199,17,182,44,19,22,0,19,18,19,141,0,74,0,97,975,2029
ODISHA,NAYAGARH,2001,26,43,1,17,0,17,23,18,5,3,0,19,36,60,5,55,37,2,9,1,15,71,14,11,3,9,0,35,417,852
ODISHA,NOWRANGPUR,2001,19,22,1,13,0,13,11,3,8,13,0,14,46,83,3,80,74,4,3,0,24,27,0,41,7,13,0,0,272,687
ODISHA,NUAPADA,2001,13,2,0,9,0,9,4,2,2,0,0,11,16,44,3,41,22,7,5,0,4,12,0,16,5,17,0,12,267,466
ODISHA,PURI,2001,25,96,1,41,0,41,32,24,8,11,3,33,129,236,28,208,38,12,24,0,19,88,29,13,0,32,0,69,1271,2202
ODISHA,RAYAGADA,2001,35,17,1,9,0,9,6,0,6,4,0,3,39,64,1,63,64,4,11,0,9,14,1,33,2,26,0,30,478,850
ODISHA,ROURKELA,2001,20,22,0,12,0,12,6,6,0,7,3,21,131,209,35,174,11,4,21,0,2,61,2,35,13,17,0,0,616,1213
ODISHA,SAMBALPUR,2001,39,90,0,18,0,18,13,9,4,9,0,50,201,303,56,247,56,25,25,0,7,94,0,82,9,18,0,88,1032,2159
ODISHA,SONEPUR,2001,9,20,2,8,0,8,4,4,0,0,0,6,30,35,0,35,17,4,9,0,3,27,6,28,4,11,0,19,202,444
ODISHA,SRP(CUTTACK),2001,3,3,0,1,0,1,5,3,2,2,1,8,11,287,8,279,1,2,2,0,0,24,0,5,4,0,0,1,101,461
ODISHA,SRP(ROURKELA),2001,7,1,0,2,0,2,3,3,0,2,1,10,10,135,3,132,7,0,1,1,0,6,0,2,0,0,0,0,81,269
ODISHA,SUNDARGARH,2001,72,46,0,36,0,36,26,19,7,5,1,38,106,171,13,158,54,7,19,0,5,331,4,82,10,7,0,62,570,1652
PUNJAB,AMRITSAR,2001,36,43,6,9,0,9,34,26,8,0,4,6,155,141,70,71,0,23,121,2,6,170,7,9,0,77,0,80,315,1244
PUNJAB,BARNALA,2001,15,29,1,12,0,12,16,13,3,0,1,0,30,39,11,28,0,6,48,0,5,71,6,13,0,24,0,51,134,501
PUNJAB,BATALA,2001,18,24,4,8,0,8,6,4,2,1,0,2,20,26,7,19,0,3,44,0,1,99,6,1,0,19,0,41,70,393
PUNJAB,BHATINDA,2001,25,38,3,13,0,13,15,9,6,2,2,1,88,94,26,68,0,19,164,0,0,242,4,15,0,57,0,3,295,1080
PUNJAB,FARIDKOT,2001,12,7,1,6,0,6,11,7,4,3,2,1,29,56,15,41,0,8,46,0,6,133,4,11,0,20,0,0,107,463
PUNJAB,FATEHGARH SAHIB,2001,16,23,0,11,0,11,12,6,6,0,0,5,40,62,15,47,0,16,44,0,2,96,4,4,1,7,0,117,211,671
PUNJAB,FEROZEPUR,2001,50,53,5,22,0,22,12,7,5,0,7,5,67,115,44,71,0,42,87,1,5,335,11,17,0,22,0,113,141,1110
PUNJAB,G.R.P,2001,10,0,0,0,0,0,0,0,0,0,5,3,0,41,6,35,0,4,81,24,0,4,3,1,0,0,0,0,306,482
PUNJAB,GURDASPUR,2001,22,20,0,12,0,12,17,14,3,1,0,4,23,38,6,32,0,11,31,1,1,93,6,4,0,21,0,95,180,580
PUNJAB,HOSHIARPUR,2001,47,30,0,19,0,19,20,13,7,7,2,10,89,119,30,89,0,16,120,0,7,257,12,13,0,46,0,158,265,1237
PUNJAB,JAGRAON,2001,27,33,1,19,0,19,19,11,8,1,2,5,38,90,22,68,0,11,29,1,2,105,7,3,2,27,0,60,151,633
PUNJAB,JALANDHAR,2001,74,72,4,21,0,21,70,49,21,1,16,6,216,290,149,141,0,25,271,9,10,326,17,16,2,104,0,155,756,2461
PUNJAB,KAPURTHALA,2001,20,24,1,8,0,8,17,9,8,2,3,5,55,64,25,39,0,1,140,2,2,88,2,20,0,34,0,63,204,755
PUNJAB,KHANNA,2001,17,17,2,6,0,6,4,1,3,1,2,6,31,44,19,25,1,4,36,3,2,76,4,0,0,15,0,88,127,486
PUNJAB,LUDHIANA,2001,74,68,6,38,0,38,88,46,42,6,26,23,250,624,383,241,0,41,437,5,3,258,11,46,13,249,0,208,1311,3785
PUNJAB,MAJITHA,2001,26,25,9,9,0,9,10,6,4,0,1,1,14,31,8,23,0,4,37,0,0,106,9,8,0,20,0,83,107,500
PUNJAB,MANSA,2001,25,21,1,6,0,6,5,4,1,1,0,0,31,42,17,25,0,6,36,0,2,133,2,3,0,3,0,0,108,425
PUNJAB,MOGA,2001,23,32,6,11,0,11,14,9,5,7,2,6,45,64,30,34,0,21,49,0,0,238,6,8,2,25,0,70,125,754
PUNJAB,MUKTSAR,2001,19,27,2,3,0,3,3,2,1,1,1,1,41,49,14,35,0,13,36,0,0,102,1,2,0,16,0,46,69,432
PUNJAB,NAWAN SHAHR,2001,17,19,2,11,0,11,13,8,5,2,2,5,52,57,8,49,0,3,80,0,0,155,4,8,0,14,0,48,120,612
PUNJAB,PATIALA,2001,56,74,17,23,0,23,60,46,14,2,0,16,391,583,177,406,0,51,404,3,0,431,10,128,19,232,0,300,3173,5973
PUNJAB,ROPAR,2001,26,19,4,6,0,6,24,6,18,0,0,1,65,129,52,77,0,14,111,0,5,132,5,13,4,33,0,207,480,1278
PUNJAB,SANGRUR,2001,46,45,0,15,0,15,28,18,10,4,2,13,111,157,54,103,0,18,111,4,4,222,10,18,4,36,0,101,336,1285
PUNJAB,TARN TARAN,2001,37,46,5,10,0,10,15,10,5,3,4,6,21,68,16,52,0,8,58,3,0,124,8,11,0,27,0,67,113,634
RAJASTHAN,AJMER,2001,39,47,2,16,0,16,133,125,8,8,0,46,447,748,248,500,112,12,314,1,27,136,12,95,0,236,0,339,3848,6618
RAJASTHAN,ALWAR,2001,85,83,0,34,0,34,119,87,32,1,3,52,286,964,295,669,445,34,363,6,44,2007,43,124,0,235,0,233,1862,7023
RAJASTHAN,BANSWARA,2001,40,24,3,90,0,90,61,59,2,4,1,23,96,118,14,104,427,8,54,0,51,1452,10,112,1,151,0,56,726,3508
RAJASTHAN,BARAN,2001,36,95,3,81,0,81,96,94,2,0,0,32,204,365,39,326,167,17,102,1,47,288,3,219,5,124,0,50,2398,4333
RAJASTHAN,BARMER,2001,11,26,0,13,0,13,21,14,7,0,0,12,108,185,43,142,67,7,62,2,21,825,13,71,0,45,0,61,819,2369
RAJASTHAN,BHARATPUR,2001,75,98,2,48,0,48,126,103,23,3,6,41,148,808,177,631,445,37,304,2,59,1166,24,77,0,209,0,135,3478,7291
RAJASTHAN,BHILWARA,2001,34,54,6,42,0,42,223,223,0,2,0,49,365,787,233,554,257,41,354,2,37,491,5,126,3,312,0,172,2973,6335
RAJASTHAN,BIKANER,2001,21,101,0,35,0,35,36,34,2,1,1,4,158,431,91,340,108,33,195,1,26,961,13,53,0,153,0,102,1519,3952
RAJASTHAN,BUNDI,2001,33,72,4,36,0,36,120,103,17,4,0,33,222,391,67,324,229,24,106,0,39,1067,2,164,6,157,0,76,1293,4078
RAJASTHAN,CHITTORGARH,2001,41,59,4,67,0,67,206,169,37,5,1,47,402,730,132,598,507,39,283,4,59,2521,7,112,5,384,0,127,1452,7062
RAJASTHAN,CHURU,2001,26,40,1,24,0,24,26,14,12,0,1,11,129,210,24,186,198,9,143,3,24,819,8,73,3,174,0,65,893,2880
RAJASTHAN,DAUSA,2001,28,21,0,9,0,9,40,26,14,3,3,14,148,380,102,278,717,17,102,0,18,138,8,31,0,60,0,140,1669,3546
RAJASTHAN,DHOLPUR,2001,42,76,2,24,0,24,43,33,10,2,4,27,80,240,22,218,552,14,64,0,19,1113,21,34,0,93,0,58,588,3096
RAJASTHAN,DUNGARPUR,2001,31,9,1,17,0,17,54,50,4,0,0,8,79,74,28,46,207,16,40,0,25,340,3,56,0,60,0,80,897,1997
RAJASTHAN,GANGANAGAR,2001,51,97,0,55,0,55,79,65,14,2,1,14,253,408,93,315,36,56,396,2,11,1107,13,118,2,375,0,135,2399,5610
RAJASTHAN,HANUMANGARH,2001,56,83,0,35,0,35,49,22,27,2,0,12,196,348,82,266,135,29,290,0,25,748,20,98,0,241,0,91,1498,3956
RAJASTHAN,JAIPUR,2001,91,90,6,61,0,61,247,203,44,7,5,79,1110,3207,1036,2171,3181,217,1103,25,63,1528,29,179,1,453,0,749,8173,20604
RAJASTHAN,JAISALMER,2001,9,0,0,2,0,2,8,7,1,0,0,4,51,142,4,138,28,6,30,5,6,413,3,21,0,16,0,27,249,1020
RAJASTHAN,JALORE,2001,17,35,2,10,0,10,32,20,12,2,1,11,104,156,19,137,44,8,67,6,34,66,12,61,0,96,0,53,1690,2507
RAJASTHAN,JHALAWAR,2001,38,99,8,65,0,65,89,57,32,2,3,45,220,383,67,316,206,19,95,1,55,1046,8,144,10,224,0,61,712,3533
RAJASTHAN,JHUNJHUNU,2001,37,19,0,19,0,19,45,25,20,3,1,6,163,392,67,325,262,29,129,2,35,95,0,50,0,125,0,91,2599,4102
RAJASTHAN,JODHPUR,2001,30,79,3,20,0,20,78,53,25,1,0,43,319,831,269,562,172,81,450,1,37,2733,12,128,3,263,1,193,1057,6535
RAJASTHAN,KARAULI,2001,35,0,1,21,0,21,72,50,22,0,0,12,68,298,66,232,134,14,63,1,15,22,10,37,0,66,0,60,1979,2908
RAJASTHAN,KOTA,2001,58,310,1,50,0,50,146,116,30,2,2,86,456,1213,444,769,229,43,308,4,43,1175,17,203,6,319,0,119,2593,7383
RAJASTHAN,NAGAUR,2001,48,17,1,22,0,22,59,34,25,2,1,23,274,407,87,320,57,18,164,5,27,523,14,65,0,102,0,91,2655,4575
RAJASTHAN,PALI,2001,43,53,2,25,0,25,77,61,16,0,0,14,193,294,70,224,138,66,185,2,36,53,15,115,2,196,0,132,2999,4640
RAJASTHAN,RAJSAMAND,2001,15,16,2,13,0,13,63,63,0,2,2,7,81,191,68,123,303,17,118,1,27,1043,6,40,1,104,0,99,721,2872
RAJASTHAN,SAWAI MADHOPUR,2001,23,19,1,19,0,19,62,42,20,1,2,31,102,310,85,225,180,10,125,1,19,31,6,49,0,97,0,44,1962,3094
RAJASTHAN,SIKAR,2001,46,31,2,13,0,13,48,22,26,0,0,14,212,379,72,307,941,21,207,0,64,522,15,28,0,114,0,159,1517,4333
RAJASTHAN,SIROHI,2001,31,35,0,22,0,22,24,19,5,0,0,16,157,122,20,102,104,33,73,3,14,536,8,29,0,79,0,101,798,2185
RAJASTHAN,TONK,2001,19,32,1,17,0,17,68,50,18,1,1,19,145,298,73,225,175,17,117,0,32,1524,7,84,6,142,0,88,1120,3913
RAJASTHAN,UDAIPUR,2001,67,101,1,43,0,43,161,118,43,0,0,42,298,545,170,375,435,29,231,5,51,990,9,68,2,127,0,234,2926,6365
SIKKIM,EAST,2001,13,7,5,7,0,7,4,1,3,0,0,2,59,50,4,46,1,1,10,0,1,21,0,0,8,0,0,3,87,279
SIKKIM,NORTH,2001,1,0,0,0,0,0,0,0,0,0,0,0,2,3,0,3,0,0,3,0,0,4,0,0,0,0,0,1,22,36
SIKKIM,SOUTH,2001,4,3,2,1,0,1,1,0,1,0,0,0,9,9,0,9,0,0,0,0,0,4,0,0,4,0,0,1,41,79
SIKKIM,WEST,2001,1,1,0,0,0,0,1,1,0,0,0,1,6,12,2,10,2,0,0,0,0,6,0,0,2,0,0,2,16,50
TAMIL NADU,ARIYALUR,2001,24,41,1,6,0,6,25,14,11,0,0,3,37,124,45,79,101,4,22,0,17,495,3,38,4,8,0,60,741,1754
TAMIL NADU,CHENGAI,2001,78,98,0,20,0,20,8,8,0,9,0,52,454,933,268,665,119,12,96,4,0,699,16,58,8,57,0,521,3793,7035
TAMIL NADU,CHENNAI,2001,91,298,0,28,0,28,40,0,40,12,0,127,668,2167,433,1734,105,26,600,0,0,813,13,70,209,111,0,675,1239,7292
TAMIL NADU,CHENNAI RLY.,2001,5,1,0,0,0,0,0,0,0,1,0,8,0,154,0,154,15,0,7,0,0,24,0,5,0,2,0,0,271,493
TAMIL NADU,COIMBATORE RURAL,2001,77,49,3,18,0,18,38,27,11,11,1,41,346,1008,395,613,455,36,102,4,30,1044,16,75,25,49,0,672,5015,9115
TAMIL NADU,COIMBATORE URBAN,2001,16,20,0,4,0,4,14,10,4,4,0,15,179,952,348,604,79,20,110,4,1,152,5,19,38,28,0,187,1643,3490
TAMIL NADU,CUDDALORE,2001,60,177,2,16,0,16,21,2,19,4,0,33,166,547,159,388,250,12,11,0,50,767,9,137,50,21,0,343,5342,8018
TAMIL NADU,DHARMAPURI,2001,88,88,0,17,0,17,35,30,5,7,0,22,214,427,185,242,433,6,33,0,74,841,6,65,8,18,0,370,2371,5123
TAMIL NADU,DINDIGUL,2001,72,74,0,14,0,14,49,35,14,4,0,13,168,479,173,306,69,7,24,3,29,467,8,48,11,8,5,317,2788,4657
TAMIL NADU,ERODE,2001,63,22,0,9,0,9,45,14,31,10,0,13,218,662,267,395,63,49,85,2,39,2767,4,72,16,25,0,479,1988,6631
TAMIL NADU,KANCHIPURAM,2001,45,61,0,21,0,21,13,9,4,8,1,10,218,494,92,402,81,0,19,2,32,337,6,30,9,12,9,0,4432,5840
TAMIL NADU,KANYAKUMARI,2001,33,65,0,6,0,6,13,9,4,1,0,4,230,260,51,209,10,10,16,7,18,1125,5,27,170,29,0,0,1703,3732
TAMIL NADU,KARUR,2001,28,12,0,4,0,4,11,8,3,4,0,9,39,226,110,116,30,7,15,4,14,194,2,21,2,14,0,192,1417,2245
TAMIL NADU,MADURAI RURAL,2001,64,51,0,13,0,13,30,23,7,13,0,42,137,351,88,263,286,24,59,3,34,2070,5,52,8,69,0,264,1302,4877
TAMIL NADU,MADURAI URBAN,2001,34,53,0,2,0,2,26,18,8,5,4,33,198,803,248,555,90,11,296,11,4,308,12,20,52,24,0,109,2066,4161
TAMIL NADU,NAGAPATTINAM,2001,36,74,0,12,0,12,29,25,4,1,0,2,94,318,94,224,51,1,15,4,75,1273,4,55,13,8,0,137,1522,3724
TAMIL NADU,NAMAKKAL,2001,36,31,0,7,0,7,16,16,0,1,0,6,58,153,71,82,56,0,15,2,10,1544,4,39,13,18,0,297,353,2659
TAMIL NADU,NILGIRIS,2001,16,15,0,8,0,8,5,5,0,0,0,5,109,102,12,90,39,0,10,3,0,206,2,6,5,16,0,31,752,1330
TAMIL NADU,PERAMBALUR,2001,10,16,2,3,0,3,13,11,2,3,0,2,31,47,20,27,56,2,27,0,10,340,0,18,0,12,0,79,420,1100
TAMIL NADU,PUDUKOTTAI,2001,30,30,0,5,0,5,27,24,3,2,0,5,81,238,79,159,198,3,8,2,23,254,2,32,4,25,0,166,2281,3416
TAMIL NADU,RAMNATHAPURAM,2001,33,52,0,13,0,13,26,17,9,3,0,4,104,172,16,156,205,7,24,1,28,531,4,59,12,16,0,120,1820,3234
TAMIL NADU,SALEM RURAL,2001,78,43,1,8,0,8,35,29,6,3,0,8,66,192,78,114,170,2,5,0,34,890,8,53,7,7,0,367,2248,4225
TAMIL NADU,SALEM URBAN,2001,12,14,0,2,0,2,10,10,0,3,0,20,70,467,219,248,42,9,49,2,0,163,3,7,13,11,0,122,827,1846
TAMIL NADU,SIVAGANGAI,2001,26,51,0,5,0,5,16,10,6,4,0,10,159,328,50,278,88,8,22,2,34,959,4,17,2,9,0,124,1162,3030
TAMIL NADU,THANJAVUR,2001,49,74,1,0,0,0,55,34,21,3,0,16,171,435,95,340,150,6,33,3,26,792,0,53,46,31,0,299,1263,3506
TAMIL NADU,THENI,2001,16,17,0,4,0,4,18,7,11,5,0,9,83,240,27,213,69,4,58,5,9,842,4,29,8,9,0,120,1097,2646
TAMIL NADU,THIRUNELVELI RURAL,2001,74,124,1,57,0,57,66,53,13,3,0,27,310,560,35,525,97,16,51,10,102,835,3,155,62,13,0,212,3572,6350
TAMIL NADU,THIRUNELVELI URBAN,2001,12,49,0,3,0,3,15,10,5,2,0,10,76,227,33,194,8,6,5,0,4,71,0,2,21,6,0,56,996,1569
TAMIL NADU,THIRUVALLUR,2001,34,56,3,16,0,16,24,11,13,2,0,11,106,226,30,196,201,5,28,0,28,329,6,70,17,16,0,196,2094,3468
TAMIL NADU,THIRUVANNAMALAI,2001,44,34,0,5,0,5,40,33,7,1,0,14,162,402,59,343,218,5,30,2,14,693,1,53,9,18,0,198,2806,4749
TAMIL NADU,THIRUVARUR,2001,31,56,0,7,0,7,30,26,4,0,0,6,96,182,41,141,59,1,15,2,49,890,4,50,18,2,0,138,1407,3043
TAMIL NADU,THOOTHUGUDI,2001,69,98,0,12,0,12,38,0,38,4,0,34,169,484,57,427,112,11,41,3,47,506,1,94,47,36,0,199,3285,5290
TAMIL NADU,TRICHY RLY.,2001,0,0,0,0,0,0,0,0,0,0,0,1,2,40,3,37,4,1,0,0,0,13,0,0,3,0,0,0,142,206
TAMIL NADU,TRICHY RURAL,2001,52,40,0,6,0,6,19,17,2,1,0,0,49,213,90,123,55,4,14,2,4,1041,3,22,5,2,0,279,1293,3104
TAMIL NADU,TRICHY URBAN,2001,24,19,0,5,0,5,11,6,5,0,0,6,110,504,147,357,10,7,58,3,0,619,4,9,51,18,0,109,712,2279
TAMIL NADU,VELLORE,2001,78,56,2,13,0,13,16,0,16,10,0,25,309,744,225,519,440,15,55,9,50,2270,8,54,16,5,0,342,3424,7941
TAMIL NADU,VILLUPURAM,2001,67,92,3,37,0,37,53,37,16,8,0,7,147,339,72,267,483,9,26,3,74,757,14,78,20,42,0,558,4303,7120
TAMIL NADU,VIRUDHUNAGAR,2001,57,53,0,17,0,17,22,19,3,6,0,19,131,509,63,446,199,14,55,2,17,508,2,81,10,20,0,212,2578,4503
TRIPURA,DHALAI,2001,35,0,0,11,0,11,15,0,15,1,0,4,11,7,0,7,15,0,1,1,6,34,2,4,0,11,0,16,31,205
UTTAR PRADESH,AGRA,2001,153,162,18,66,0,66,203,132,71,50,3,171,432,1181,509,672,377,148,229,4,14,518,63,110,114,327,0,234,2085,6662
UTTAR PRADESH,ALIGARH,2001,229,242,21,50,0,50,123,78,45,39,4,182,190,727,219,508,366,120,145,3,32,446,44,90,54,258,0,189,1134,4688
UTTAR PRADESH,ALLAHABAD,2001,167,224,30,42,0,42,96,75,21,13,0,81,368,850,176,674,260,136,25,3,38,1024,56,85,105,226,0,215,2052,6096
UTTAR PRADESH,AMBEDKAR NAGAR,2001,46,49,7,19,0,19,29,29,0,4,0,22,95,116,9,107,64,16,43,2,13,244,14,15,9,87,0,38,447,1379
UTTAR PRADESH,AURAIYA,2001,53,53,11,11,0,11,61,25,36,9,0,24,36,82,10,72,44,8,14,1,13,247,21,13,7,26,0,82,321,1137
UTTAR PRADESH,AZAMGARH,2001,120,103,21,11,0,11,45,41,4,7,0,80,145,187,32,155,127,44,72,2,2,352,32,14,15,81,0,25,762,2247
UTTAR PRADESH,BADAUN,2001,239,272,30,47,0,47,82,41,41,26,0,67,118,306,14,292,64,39,64,1,38,616,62,51,14,76,0,7,845,3064
UTTAR PRADESH,BAGHPAT,2001,89,160,6,15,0,15,31,17,14,17,0,54,45,218,34,184,55,26,43,3,5,3,20,18,12,64,0,21,450,1355
UTTAR PRADESH,BAHRAICH,2001,43,49,23,14,0,14,28,19,9,5,1,20,79,169,22,147,50,32,37,2,14,175,19,15,17,62,0,54,408,1316
UTTAR PRADESH,BALLIA,2001,55,91,13,18,0,18,24,17,7,9,1,14,125,178,17,161,119,12,14,5,2,289,19,7,22,35,0,10,872,1934
UTTAR PRADESH,BANDA,2001,75,53,14,27,0,27,29,18,11,7,0,31,87,108,12,96,72,20,55,0,13,247,21,51,18,50,0,70,674,1722
UTTAR PRADESH,BARABANKI,2001,88,85,24,41,0,41,71,55,16,22,0,50,160,349,20,329,81,69,31,0,18,307,35,37,21,188,0,141,760,2578
UTTAR PRADESH,BAREILLY,2001,272,331,28,93,0,93,144,98,46,47,0,138,210,784,144,640,143,81,186,3,15,617,57,110,40,421,0,234,1315,5269
UTTAR PRADESH,BASTI,2001,48,51,13,18,0,18,28,23,5,4,0,28,101,171,31,140,106,37,69,2,5,240,22,28,12,48,0,32,690,1753
UTTAR PRADESH,BIJNOR,2001,124,113,14,38,0,38,85,59,26,13,0,56,132,352,40,312,80,58,119,3,11,43,31,67,38,230,0,78,802,2487
UTTAR PRADESH,BULANDSHAHAR,2001,250,209,16,31,0,31,94,64,30,20,1,103,109,459,79,380,150,68,107,2,23,75,45,71,219,227,0,183,1510,3972
UTTAR PRADESH,CHANDOLI,2001,35,30,9,4,0,4,20,11,9,0,0,18,52,84,13,71,16,22,47,4,10,110,16,13,0,22,0,13,240,765
UTTAR PRADESH,CHITRAKOOT DHAM,2001,28,16,5,8,0,8,5,3,2,2,1,3,23,27,4,23,15,8,22,0,0,83,8,16,4,2,0,25,91,392
UTTAR PRADESH,DEORIA,2001,48,97,17,7,0,7,39,33,6,2,0,26,87,163,23,140,196,39,54,1,8,192,27,15,15,44,0,46,1279,2402
UTTAR PRADESH,ETAH,2001,240,364,12,57,0,57,118,59,59,32,0,79,136,350,51,299,259,100,121,2,5,404,68,68,24,156,0,13,1913,4521
UTTAR PRADESH,ETAWAH,2001,82,92,8,20,0,20,93,22,71,14,2,32,48,166,44,122,90,45,37,1,11,200,29,25,26,52,0,118,751,1942
UTTAR PRADESH,FAIZABAD,2001,77,48,15,22,0,22,28,26,2,6,1,44,99,245,38,207,52,104,2,0,13,179,17,24,18,49,0,149,775,1967
UTTAR PRADESH,FATEHGARH,2001,120,86,14,9,0,9,63,38,25,4,0,18,48,126,16,110,73,29,77,2,9,227,22,23,28,93,0,73,550,1694
UTTAR PRADESH,FATEHPUR,2001,132,56,26,28,0,28,45,27,18,11,0,36,70,132,16,116,22,31,48,0,7,265,46,25,15,59,0,163,729,1946
UTTAR PRADESH,FIROZABAD,2001,135,169,10,22,0,22,120,59,61,22,0,72,105,292,89,203,147,42,69,1,3,359,48,33,69,89,0,178,741,2726
UTTAR PRADESH,GAUTAMBUDH NAGAR,2001,92,60,16,16,0,16,42,30,12,11,1,47,56,729,330,399,81,51,127,0,12,127,17,39,40,54,0,151,674,2443
UTTAR PRADESH,GHAZIABAD,2001,230,381,18,31,0,31,112,79,33,10,2,117,227,1357,656,701,123,83,258,14,10,134,33,54,138,140,0,138,1469,5079
UTTAR PRADESH,GHAZIPUR,2001,46,58,24,6,0,6,28,19,9,2,0,17,92,107,11,96,70,14,32,4,8,211,22,18,29,56,0,24,440,1308
UTTAR PRADESH,GONDA,2001,68,101,25,18,0,18,34,21,13,15,1,32,118,161,23,138,64,39,89,2,9,262,26,19,13,46,0,72,505,1719
UTTAR PRADESH,GORAKHPUR,2001,96,74,29,13,0,13,60,52,8,6,0,38,137,192,51,141,117,65,100,1,12,378,16,25,36,52,0,136,1015,2598
UTTAR PRADESH,HARDOI,2001,182,153,30,70,0,70,75,60,15,24,1,50,89,267,25,242,92,48,51,1,12,482,63,86,21,136,0,141,1004,3078
UTTAR PRADESH,HATHRAS,2001,86,94,15,16,0,16,50,26,24,24,0,64,91,225,16,209,150,50,78,3,9,215,31,63,26,93,0,76,757,2216
UTTAR PRADESH,J.P.NAGAR,2001,112,72,6,23,0,23,47,36,11,12,0,37,36,166,16,150,85,21,50,0,10,141,14,35,22,98,0,82,596,1665
UTTAR PRADESH,JALAUN,2001,83,79,4,6,0,6,36,14,22,9,0,41,92,167,32,135,75,24,34,0,5,29,29,40,21,65,0,37,902,1778
UTTAR PRADESH,JAUNPUR,2001,56,85,29,11,0,11,22,15,7,9,1,33,101,165,26,139,112,43,70,1,7,410,43,21,19,85,0,128,542,1993
UTTAR PRADESH,JHANSI,2001,76,48,19,18,0,18,42,20,22,2,0,35,100,258,82,176,60,29,62,1,12,232,31,32,30,69,0,35,790,1981
UTTAR PRADESH,KANNAUJ,2001,66,68,8,8,0,8,40,19,21,6,0,13,52,106,15,91,39,26,30,1,7,77,22,18,7,63,0,54,543,1254
UTTAR PRADESH,KANPUR DEHAT,2001,85,67,12,21,0,21,50,34,16,14,1,30,48,140,8,132,72,22,40,0,12,312,39,45,7,79,0,103,382,1581
UTTAR PRADESH,KANPUR NAGAR,2001,210,198,28,47,0,47,210,176,34,30,1,128,361,1309,636,673,240,178,301,2,27,1040,64,106,213,356,0,385,1374,6808
UTTAR PRADESH,KAUSHAMBI,2001,77,45,11,26,0,26,31,23,8,3,2,18,116,144,10,134,60,15,30,0,17,281,28,44,9,72,0,102,325,1456
UTTAR PRADESH,KHIRI,2001,172,178,36,83,0,83,112,90,22,19,2,79,161,492,47,445,193,77,64,0,6,401,88,99,24,138,0,97,1233,3754
UTTAR PRADESH,KUSHI NAGAR,2001,69,48,18,7,0,7,34,20,14,2,1,11,58,107,12,95,99,27,46,5,8,322,18,19,35,14,0,103,405,1456
UTTAR PRADESH,LALITPUR,2001,25,18,7,20,0,20,5,5,0,2,0,6,46,60,8,52,30,12,21,0,14,89,10,26,9,31,0,70,272,773
UTTAR PRADESH,LUCKNOW,2001,166,189,28,62,0,62,175,138,37,28,1,123,670,2202,697,1505,347,268,427,3,10,89,47,103,148,337,0,337,3445,9205
UTTAR PRADESH,MAHARAJGANJ,2001,39,22,11,13,0,13,19,13,6,1,0,7,45,54,7,47,50,23,35,11,5,94,7,13,37,10,0,70,295,861
UTTAR PRADESH,MAHOBA,2001,56,36,5,12,0,12,13,7,6,3,0,19,40,60,8,52,24,3,19,0,9,58,11,22,3,4,0,26,305,728
UTTAR PRADESH,MAINPURI,2001,136,151,20,13,0,13,56,31,25,38,0,72,88,191,26,165,120,41,83,6,29,272,42,32,3,63,0,5,686,2147
UTTAR PRADESH,MATHURA,2001,125,170,9,25,0,25,62,33,29,21,0,97,108,372,144,228,170,68,127,1,19,125,21,48,50,77,0,214,1081,2990
UTTAR PRADESH,MAU,2001,49,49,9,17,0,17,30,25,5,4,0,27,79,117,12,105,122,27,34,2,21,133,16,33,27,39,0,68,428,1331
UTTAR PRADESH,MEERUT,2001,275,239,10,28,0,28,160,96,64,35,0,210,268,1202,434,768,195,98,193,5,5,76,34,59,123,236,0,238,1688,5377
UTTAR PRADESH,MIRZAPUR,2001,44,67,8,16,0,16,14,6,8,7,0,18,77,157,24,133,28,16,34,0,2,191,23,16,21,39,0,118,289,1185
UTTAR PRADESH,MORADABAD,2001,213,171,18,44,0,44,102,72,30,20,0,101,160,607,160,447,97,40,104,2,21,246,45,79,85,207,0,238,845,3445
UTTAR PRADESH,MUZAFFARNAGAR,2001,324,255,12,54,0,54,142,67,75,23,5,150,185,637,189,448,186,74,94,10,18,110,24,51,33,265,0,116,1274,4042
UTTAR PRADESH,PILIBHIT,2001,115,233,12,64,0,64,66,47,19,21,0,62,92,192,25,167,84,41,69,0,5,21,44,50,20,195,0,49,804,2239
UTTAR PRADESH,PRATAPGARH,2001,76,123,22,18,0,18,43,35,8,6,0,44,129,139,17,122,101,29,59,1,22,519,33,21,9,44,0,100,883,2421
UTTAR PRADESH,RAIBAREILLY,2001,87,63,26,58,0,58,58,50,8,3,0,41,160,304,46,258,94,49,35,3,3,379,29,57,17,137,0,127,814,2544
UTTAR PRADESH,RAMPUR,2001,89,98,26,22,0,22,44,27,17,11,0,35,71,266,31,235,51,34,45,0,9,138,18,11,0,49,0,62,565,1644
UTTAR PRADESH,SAHARANPUR,2001,101,128,14,41,0,41,75,52,23,13,0,65,79,428,133,295,161,61,161,3,7,53,21,45,96,196,0,47,1074,2869
UTTAR PRADESH,SANT KABIRNAGAR,2001,16,16,4,9,0,9,17,16,1,0,0,4,18,39,8,31,27,12,32,1,7,131,7,11,6,26,0,53,163,599
UTTAR PRADESH,SHAHJAHANPUR,2001,196,223,37,55,0,55,112,68,44,15,0,70,83,340,54,286,61,43,81,0,7,467,66,61,21,146,0,67,790,2941
UTTAR PRADESH,SHRAWASTI,2001,35,30,15,13,0,13,21,18,3,6,1,13,49,108,2,106,37,10,22,1,4,113,4,16,8,18,0,29,194,747
UTTAR PRADESH,SIDHARTHNAGAR,2001,13,18,8,12,0,12,24,24,0,2,1,10,84,82,11,71,26,19,30,5,8,131,13,20,3,28,0,10,287,834
UTTAR PRADESH,SITAPUR,2001,162,139,56,85,0,85,99,47,52,5,0,95,237,826,42,784,124,57,134,0,18,291,82,71,35,106,0,165,1945,4732
UTTAR PRADESH,SONBHADRA,2001,33,23,20,5,0,5,9,6,3,2,0,10,54,91,14,77,21,11,18,1,5,109,12,9,4,5,0,57,96,595
UTTAR PRADESH,ST.RAVIDASNAGAR,2001,21,24,4,1,0,1,8,7,1,2,0,12,49,100,34,66,26,11,12,0,2,107,9,3,3,23,0,60,113,590
UTTAR PRADESH,SULTANPUR,2001,103,154,25,29,0,29,47,35,12,8,0,42,157,295,39,256,76,47,62,0,3,352,38,34,17,153,0,123,775,2540
UTTAR PRADESH,UNNAO,2001,147,141,15,53,0,53,97,79,18,9,1,74,85,361,28,333,147,34,60,0,23,463,63,100,12,168,0,162,1333,3548
UTTAR PRADESH,VARANASI,2001,78,89,17,27,0,27,55,35,20,9,0,95,161,535,237,298,85,86,99,10,9,324,31,19,90,119,0,179,787,2904
UTTARAKHAND,ALMORA,2001,18,12,2,4,0,4,1,1,0,7,0,7,12,55,5,50,4,5,11,0,2,28,3,5,0,5,0,0,70,251
UTTARAKHAND,BAGESHWAR,2001,10,7,0,1,0,1,4,4,0,0,0,4,2,13,0,13,2,0,4,0,0,11,8,1,0,0,0,0,48,115
UTTARAKHAND,CHAMOLI,2001,13,6,2,3,0,3,3,3,0,0,0,6,39,26,1,25,22,5,3,1,2,7,3,10,0,1,0,22,39,213
UTTARAKHAND,CHAMPAWAT,2001,3,3,2,0,0,0,3,3,0,1,0,4,8,13,2,11,1,0,6,0,1,29,0,7,0,5,0,4,37,127
UTTARAKHAND,DEHRADUN,2001,32,66,3,12,0,12,54,48,6,5,0,31,174,392,157,235,111,37,122,2,7,83,4,13,19,85,0,134,602,1988
UTTARAKHAND,HARIDWAR,2001,94,75,6,13,0,13,52,23,29,5,1,43,62,349,107,242,137,50,86,1,7,271,10,21,33,105,0,121,301,1843
UTTARAKHAND,NAINITAL,2001,36,31,5,5,0,5,14,0,14,5,2,26,64,151,37,114,38,29,26,0,0,179,5,11,3,29,0,0,218,877
UTTARAKHAND,PAURI GARHWAL,2001,26,9,0,7,0,7,7,7,0,2,0,18,32,81,12,69,19,6,10,0,5,63,5,4,1,7,0,26,68,396
UTTARAKHAND,PITHORAGARH,2001,8,3,3,7,0,7,1,0,1,1,0,6,28,41,4,37,14,4,8,0,1,14,2,6,4,10,0,0,203,364
UTTARAKHAND,RUDRA PRAYAG,2001,5,2,0,2,0,2,0,0,0,0,0,1,3,20,0,20,10,2,1,0,0,6,3,3,1,2,0,10,35,106
UTTARAKHAND,TEHRI GARHWAL,2001,7,10,2,2,0,2,5,5,0,0,0,7,26,37,4,33,11,5,4,0,2,16,2,3,0,8,0,21,146,314
UTTARAKHAND,UDHAMSINGH NAGAR,2001,54,44,13,10,0,10,36,29,7,6,0,32,65,198,44,154,40,19,33,0,0,112,10,7,22,31,0,103,332,1167
UTTARAKHAND,UTTARKASHI,2001,10,11,0,8,0,8,3,3,0,0,0,6,18,43,1,42,31,9,4,0,3,11,1,12,1,13,0,0,128,312
WEST BENGAL,24 PARGANAS NORTH,2001,202,23,61,53,0,53,81,63,18,14,0,56,46,1679,459,1220,285,55,35,7,1,0,23,63,0,447,0,0,3036,6167
WEST BENGAL,24 PARGANAS SOUTH,2001,107,5,75,47,0,47,53,52,1,15,0,33,16,1143,274,869,327,1,4,1,9,0,48,54,0,480,0,0,3409,5827
WEST BENGAL,ASANSOL,2001,9,7,1,0,0,0,3,0,3,0,12,1,0,54,5,49,12,1,9,0,0,11,1,0,0,32,0,1,208,362
WEST BENGAL,BANKURA,2001,35,32,12,26,0,26,7,5,2,10,21,30,6,235,15,220,66,0,23,0,6,30,22,28,0,78,0,96,417,1180
WEST BENGAL,BIRBHUM,2001,76,40,25,43,0,43,43,28,15,7,28,30,18,350,44,306,282,20,4,0,9,60,4,43,0,151,0,173,807,2213
WEST BENGAL,BURDWAN,2001,133,4,43,46,0,46,45,32,13,24,17,42,28,848,67,781,237,6,53,0,7,99,32,85,0,296,0,17,2631,4693
WEST BENGAL,COOCHBEHAR,2001,37,1,15,36,0,36,43,41,2,13,2,15,14,125,1,124,49,3,9,1,1,107,6,44,0,146,0,102,493,1262
WEST BENGAL,DAKSHIN DINAJPUR,2001,25,0,19,10,0,10,31,28,3,3,13,7,2,126,9,117,41,5,3,2,0,45,4,37,0,101,0,18,519,1011
WEST BENGAL,DARJEELING,2001,46,3,28,20,0,20,21,20,1,8,17,21,17,467,134,333,40,0,6,9,10,228,2,26,0,56,1,87,665,1778
WEST BENGAL,HOOGHLY,2001,81,22,33,29,0,29,41,38,3,8,63,28,15,587,44,543,363,11,16,0,0,248,10,39,0,372,0,183,871,3020
WEST BENGAL,HOWRAH,2001,28,8,8,2,0,2,11,5,6,5,2,3,1,170,45,125,45,9,19,1,9,127,8,13,0,43,0,168,515,1195
WEST BENGAL,HOWRAH CITY,2001,21,8,11,7,0,7,17,10,7,3,70,16,6,353,163,190,79,22,56,1,6,108,5,6,0,84,0,122,437,1438
WEST BENGAL,HOWRAH G.R.P.,2001,18,0,0,1,0,1,7,4,3,5,11,10,0,673,0,673,25,0,0,0,0,28,0,9,1,0,0,0,163,951
WEST BENGAL,JALPAIGURI,2001,152,30,60,54,0,54,33,24,9,36,8,58,27,486,51,435,84,6,12,7,4,319,2,47,0,150,0,215,531,2321
WEST BENGAL,KOLKATA,2001,65,152,8,19,0,19,121,78,43,26,60,149,148,4040,1061,2979,275,271,863,54,0,1346,6,165,37,207,2,445,3511,11970
WEST BENGAL,MALDA,2001,55,27,34,40,0,40,38,23,15,1,16,9,10,333,29,304,52,15,16,8,0,91,5,48,0,92,0,149,820,1859
WEST BENGAL,MIDNAPUR,2001,120,20,44,84,0,84,74,74,0,16,33,59,39,581,108,473,363,38,27,1,23,63,58,54,1,470,0,9,2440,4617
WEST BENGAL,MURSHIDABAD,2001,130,10,38,66,0,66,52,46,6,21,0,31,10,378,23,355,109,2,18,4,0,179,12,36,2,240,0,213,1132,2683
WEST BENGAL,NADIA,2001,124,0,34,71,0,71,91,90,1,28,14,23,10,678,2,676,227,0,0,0,5,499,10,77,7,252,0,135,1338,3623
WEST BENGAL,PURULIA,2001,69,0,5,23,0,23,17,15,2,7,7,20,5,300,1,299,70,6,17,0,3,0,3,48,0,86,0,0,606,1292
WEST BENGAL,SEALDAH G.R.P.,2001,23,6,4,1,0,1,3,1,2,2,6,11,0,276,0,276,16,1,6,0,0,18,0,0,0,2,0,0,43,418
WEST BENGAL,SILIGURI G.R.P.,2001,2,0,2,0,0,0,2,0,2,3,5,1,0,89,0,89,4,1,1,0,0,0,0,1,0,0,0,0,32,143
WEST BENGAL,UTTAR DINAJPUR,2001,36,51,21,31,0,31,41,18,23,19,16,7,8,274,27,247,44,13,19,6,9,52,4,31,0,74,0,148,636,1540
A & N ISLANDS,ANDAMAN,2001,13,0,0,3,0,3,2,2,0,0,0,4,62,65,4,61,13,10,8,2,4,113,0,18,1,9,0,0,310,637
A & N ISLANDS,NICOBAR,2001,0,0,0,0,0,0,0,0,0,0,0,0,2,0,0,0,0,0,0,0,0,5,0,1,0,0,0,0,13,21
CHANDIGARH,CHANDIGARH,2001,15,10,6,18,0,18,56,50,6,5,0,22,364,1529,494,1035,91,26,155,2,5,95,3,24,15,36,0,6,914,3397
D & N HAVELI,D and N HAVELI,2001,3,2,0,6,0,6,4,2,2,0,0,2,34,45,15,30,4,13,12,1,1,29,0,7,0,4,0,0,183,350
DAMAN & DIU,DAMAN,2001,6,5,0,0,0,0,5,3,2,0,0,0,39,34,20,14,14,4,7,1,3,18,0,0,0,4,0,0,54,194
DAMAN & DIU,DIU,2001,1,0,0,0,0,0,0,0,0,0,0,0,4,6,0,6,9,1,2,0,0,3,0,0,0,0,0,0,19,45
DELHI UT,CENTRAL,2001,29,42,4,28,0,28,62,42,20,3,1,42,149,1595,560,1035,9,57,134,3,1,113,4,30,7,2,0,13,1422,3750
DELHI UT,DELHI UT TOTAL,2001,547,510,63,381,0,381,1627,964,663,48,74,624,3029,19276,7894,11382,165,479,2183,42,50,2011,113,502,90,138,0,432,22000,54384
DELHI UT,G.R.P.(RLY),2001,11,4,0,1,0,1,7,7,0,1,0,11,2,1430,13,1417,0,2,19,2,0,7,0,4,0,0,0,0,129,1630
DELHI UT,I.G.I. AIRPORT,2001,2,2,1,0,0,0,4,1,3,0,0,2,0,52,7,45,1,6,483,1,1,5,0,0,2,0,0,2,61,625
DELHI UT,NEW DELHI,2001,11,14,0,9,0,9,27,19,8,1,0,22,75,1237,341,896,14,36,296,12,3,35,0,20,6,2,0,109,731,2660
DELHI UT,NORTH EAST,2001,62,79,5,36,0,36,157,123,34,3,6,74,157,961,500,461,7,27,57,3,3,260,20,34,1,8,0,12,1477,3449
DELHI UT,NORTH WEST,2001,134,107,13,103,0,103,518,298,220,14,9,122,619,2850,1429,1421,20,55,139,3,14,429,25,102,18,22,0,22,4663,10001
DELHI UT,S.T.F.,2001,0,0,0,0,0,0,0,0,0,0,0,0,0,0,0,0,0,0,0,0,0,0,0,0,0,0,0,0,0,0
DELHI UT,SOUTH WEST,2001,61,52,1,42,0,42,174,113,61,9,4,74,359,1816,772,1044,32,31,182,3,8,181,16,69,13,24,0,144,2094,5389
LAKSHADWEEP,LAKSHADWEEP,2001,1,0,0,0,0,0,0,0,0,0,0,0,1,10,0,10,1,1,0,0,2,3,0,0,0,0,0,0,17,36
PUDUCHERRY,PONDICHERRY,2001,25,32,1,9,0,9,4,3,1,1,0,4,111,528,284,244,100,5,23,3,31,635,1,35,27,3,0,166,2324,4068
CHHATTISGARH,KABIRDHAM,2002,18,6,1,20,0,20,2,0,2,1,0,3,73,57,7,50,26,3,3,0,8,249,0,42,3,25,0,26,251,817
JAMMU & KASHMIR,HANDWARA,2002,47,72,5,0,0,0,23,15,8,1,0,0,20,23,0,23,27,0,3,0,9,5,0,25,0,1,0,8,203,472
WEST BENGAL,KHARAGPUR G.R.P.,2002,3,3,0,0,0,0,1,1,0,3,8,6,0,124,0,124,5,0,0,0,0,0,0,0,0,0,0,1,31,185
WEST BENGAL,PASCHIM MIDNAPUR,2002,86,38,24,53,0,53,47,47,0,16,20,24,9,328,53,275,167,24,23,0,44,47,22,35,0,249,0,0,1331,2587
WEST BENGAL,PURAB MIDNAPUR,2002,38,1,18,25,0,25,42,42,0,7,10,11,9,157,10,147,136,2,3,1,2,0,39,10,0,175,0,0,1260,1946
DELHI UT,SPL CELL,2002,0,1,0,0,0,0,0,0,0,0,0,0,0,0,0,0,0,0,28,0,0,0,0,0,0,0,0,0,15,44
ANDHRA PRADESH,CYBERABAD,2003,155,101,4,31,0,31,102,62,40,14,0,56,1041,1489,291,1198,49,67,691,8,45,1203,25,96,78,543,1,787,3719,10305
ARUNACHAL PRADESH,K/KUMEY,2003,4,1,0,0,0,0,2,2,0,1,0,1,0,1,0,1,0,0,0,0,0,10,0,0,0,0,0,0,5,25
ARUNACHAL PRADESH,UPPER DIBANG VALLEY,2003,2,1,0,0,0,0,1,1,0,0,0,0,2,1,0,1,0,0,0,0,0,0,0,0,0,0,0,0,10,17
CHHATTISGARH,NARAYANPUR,2003,11,13,0,3,0,3,1,1,0,7,0,1,9,10,3,7,0,2,0,0,5,9,0,0,0,1,0,7,35,114
KERALA,ERNAKULAM COMMR.,2003,21,28,7,11,0,11,11,5,6,26,0,66,304,486,145,341,221,19,290,1,15,531,0,77,7,54,0,1,4653,6829
KERALA,ERNAKULAM RURAL,2003,25,38,16,22,0,22,12,8,4,10,2,28,292,323,89,234,348,20,115,3,17,1150,2,109,0,92,0,1,5455,8080
KERALA,KOZHIKODE COMMR.,2003,14,14,18,10,0,10,7,3,4,4,0,23,494,335,145,190,399,17,233,2,15,546,2,50,5,157,0,0,2372,4717
KERALA,KOZHIKODE RURAL,2003,8,17,31,24,0,24,6,4,2,3,6,6,141,154,63,91,458,10,165,2,48,571,1,76,5,210,0,1,2039,3982
KERALA,TRIVANDRUM COMMR.,2003,10,53,16,17,0,17,14,7,7,14,0,113,334,442,185,257,311,19,277,8,13,893,2,114,5,82,0,0,2452,5189
KERALA,TRIVANDRUM RURAL,2003,37,27,11,28,0,28,28,23,5,7,5,64,360,309,109,200,488,14,173,11,53,1687,7,212,4,232,0,0,3787,7544
MADHYA PRADESH,ANUPPUR,2003,10,4,0,10,0,10,1,1,0,1,0,3,55,46,5,41,3,1,3,0,0,18,1,14,2,3,0,0,458,633
MADHYA PRADESH,ASHOK NAGAR,2003,24,24,3,33,0,33,5,4,1,0,1,11,119,101,17,84,56,11,3,0,20,860,6,140,12,36,0,35,695,2195
MADHYA PRADESH,BURHANPUR,2003,6,2,0,7,0,7,0,0,0,0,1,2,17,37,8,29,5,4,4,0,0,102,1,22,0,13,0,7,226,456
TAMIL NADU,KRISHNAGIRI,2004,46,28,0,9,0,9,27,21,6,4,0,9,80,292,124,168,170,5,70,0,29,665,8,38,74,31,0,306,2999,4890
ASSAM,BASKA,2005,21,11,0,9,0,9,24,15,9,5,1,8,11,32,1,31,6,3,3,1,8,76,0,8,0,8,0,10,61,306
ASSAM,CHIRANG,2005,17,0,0,17,0,17,16,16,0,4,0,3,14,22,0,22,6,0,3,0,0,23,7,6,0,16,0,9,160,323
ASSAM,UDALGURI,2005,39,5,0,21,0,21,20,15,5,11,0,12,49,106,4,102,16,3,4,4,16,98,6,57,0,13,0,21,213,714
CHHATTISGARH,SURAJPUR,2005,56,17,2,41,0,41,8,7,1,2,1,18,130,129,15,114,46,4,4,0,4,109,1,62,2,24,0,65,488,1213
HARYANA,MEWAT,2005,19,34,1,34,0,34,9,3,6,14,21,10,37,223,127,96,91,10,33,1,8,183,7,12,5,112,0,1,702,1567
PUNJAB,FEROZPUR,2005,43,38,7,24,0,24,14,10,4,2,3,0,112,153,70,83,0,18,112,5,4,332,8,10,0,21,0,94,354,1354
TAMIL NADU,VILUPPURAM,2005,68,83,3,49,0,49,49,49,0,1,0,13,102,306,51,255,250,2,21,0,36,468,9,50,5,59,0,567,3818,5959
DELHI UT,IGI AIRPORT,2005,1,0,0,1,0,1,4,0,4,0,0,2,0,80,19,61,0,0,612,0,0,3,0,1,0,0,0,0,112,816
DELHI UT,NORTH-EAST,2005,51,63,8,106,0,106,212,151,61,4,24,60,186,1266,718,548,6,28,124,2,4,258,29,79,23,140,0,176,2000,4849
DELHI UT,NORTH-WEST,2005,128,121,18,190,0,190,572,349,223,9,19,124,543,2605,1546,1059,13,62,184,2,6,333,23,138,53,324,0,21,5531,11019
DELHI UT,SOUTH-WEST,2005,47,51,10,71,0,71,114,89,25,2,13,51,378,1551,737,814,9,29,177,2,11,112,12,86,20,114,0,193,2709,5762
ANDHRA PRADESH,VIJAYAWADA CITY,2006,43,50,6,21,1,20,86,60,26,3,0,34,392,1495,424,1071,11,58,410,12,10,1619,8,135,158,336,0,246,729,5862
HARYANA,PALWAL,2006,33,24,1,26,0,26,23,17,6,4,5,27,73,233,159,74,69,20,52,1,2,143,5,21,0,47,0,154,560,1523
JAMMU & KASHMIR,BORDER DISTRICT,2006,9,15,0,6,0,6,12,8,4,0,0,0,16,32,6,26,21,3,5,0,2,16,1,3,7,4,0,0,403,555
MAHARASHTRA,MUMBAI COMMR.,2006,239,135,5,165,0,165,190,129,61,29,61,292,3111,11685,3552,8133,278,510,1701,137,15,3797,17,357,102,327,1,778,7138,31070
MANIPUR,IMPHAL EAST,2006,31,57,0,3,0,3,26,21,5,0,0,0,8,51,10,41,9,1,5,1,39,56,0,14,0,0,0,0,233,534
MANIPUR,IMPHAL WEST,2006,41,74,0,9,0,9,51,29,22,1,19,5,34,148,86,62,22,15,40,6,39,106,0,15,0,5,0,0,428,1058
PUNJAB,SAS NGR,2006,30,29,9,10,0,10,15,6,9,0,2,0,190,311,110,201,0,4,128,0,0,149,6,0,2,3,2,477,769,2136
RAJASTHAN,JAIPUR EAST,2006,18,21,1,19,0,19,55,51,4,1,5,20,289,1628,896,732,173,50,434,3,7,39,6,40,2,156,0,193,2210,5370
RAJASTHAN,JAIPUR NORTH,2006,22,25,0,18,0,18,48,48,0,1,0,12,140,844,460,384,64,54,381,0,2,341,8,42,0,151,0,126,1435,3714
RAJASTHAN,JAIPUR RURAL,2006,59,38,4,34,0,34,85,57,28,3,4,15,181,821,314,507,158,30,635,2,42,786,14,98,1,169,0,605,4203,7987
RAJASTHAN,JAIPUR SOUTH,2006,19,17,1,21,0,21,57,38,19,3,0,14,199,1142,592,550,63,145,620,7,2,299,9,28,0,144,0,185,1764,4739
RAJASTHAN,JODHPUR CITY,2006,15,42,0,18,0,18,37,28,9,1,0,26,237,725,411,314,19,28,447,4,7,604,10,53,3,209,0,132,843,3460
RAJASTHAN,JODHPUR RURAL,2006,29,35,2,19,0,19,21,15,6,1,0,12,98,198,26,172,26,4,130,0,17,1060,17,59,0,58,0,169,550,2505
RAJASTHAN,KOTA CITY,2006,11,134,4,18,0,18,85,70,15,2,2,40,186,893,531,362,10,15,340,0,9,198,12,49,3,272,0,101,1661,4045
RAJASTHAN,KOTA RURAL,2006,21,90,1,19,0,19,27,19,8,2,1,9,81,222,79,143,20,5,88,0,8,191,4,91,3,132,0,85,980,2080
DELHI UT,GRP(RLY),2006,5,2,0,1,0,1,11,10,1,0,3,3,1,945,33,912,0,6,13,0,1,8,1,0,0,0,0,1,75,1076
DELHI UT,STF,2006,0,10,0,0,0,0,0,0,0,0,0,2,0,1,0,1,0,0,8,0,0,0,0,0,0,0,0,0,18,39
PUDUCHERRY,KARAIKAL,2006,2,2,1,1,0,1,5,5,0,0,0,1,18,94,36,58,41,2,7,1,10,186,1,7,4,0,0,42,347,772
JHARKHAND,KHUNTI,2007,91,9,4,15,0,15,15,7,8,12,2,26,2,44,4,40,9,0,2,1,4,24,1,1,0,3,0,55,69,389
JHARKHAND,RAMGARH,2007,41,13,0,28,0,28,37,26,11,17,5,36,27,350,57,293,132,8,56,0,2,46,11,11,0,46,0,2,478,1346
NAGALAND,LONGLENG,2007,1,2,1,0,0,0,1,1,0,0,0,0,0,0,0,0,0,0,1,0,0,0,0,0,0,0,0,0,7,13
PUNJAB,AMRITSAR RURAL,2007,31,24,2,10,0,10,31,24,7,0,1,3,28,70,10,60,0,3,83,4,7,142,1,9,5,17,0,59,214,744
A & N ISLANDS,A and N ISLANDS,2007,15,19,1,3,0,3,12,9,3,5,0,9,90,112,8,104,17,7,23,1,11,99,1,21,2,18,0,4,337,807
DELHI UT,OUTER,2007,102,96,17,121,0,121,360,237,123,4,13,85,231,1216,700,516,12,20,98,0,4,226,29,100,12,208,0,46,2690,5690
GUJARAT,TAPI,2008,21,5,0,3,0,3,3,2,1,3,0,3,19,42,20,22,8,5,0,3,0,50,0,2,0,6,0,98,331,602
JAMMU & KASHMIR,BANDIPORA,2008,3,3,0,1,0,1,45,44,1,0,0,3,38,57,1,56,57,0,7,0,6,0,0,74,7,0,0,0,166,467
JAMMU & KASHMIR,KISHTWAR,2008,10,22,0,4,0,4,12,12,0,0,0,0,11,35,1,34,0,3,4,0,11,6,0,10,1,5,0,3,157,294
JAMMU & KASHMIR,SAMBA,2008,6,26,0,2,0,2,9,9,0,0,0,1,22,45,16,29,38,1,8,0,5,2,1,7,1,3,0,2,491,670
JAMMU & KASHMIR,SHOPIAN,2008,7,23,0,6,0,6,16,14,2,0,0,5,9,62,4,58,31,1,5,1,8,5,0,49,5,1,0,4,75,313
KARNATAKA,CBPURA,2008,39,44,1,7,0,7,17,13,4,2,0,13,98,209,53,156,172,3,60,3,0,309,9,37,0,22,0,1,845,1891
KARNATAKA,RAMANAGAR,2008,92,60,7,17,0,17,19,8,11,11,3,41,199,409,183,226,227,3,34,1,11,562,14,62,0,37,0,0,2275,4084
MADHYA PRADESH,ALIRAJPUR,2008,59,40,2,41,0,41,14,14,0,1,0,3,42,86,29,57,21,1,4,0,12,298,1,37,1,7,0,59,496,1225
MADHYA PRADESH,SINGRAULI,2008,26,17,2,40,0,40,13,12,1,2,1,5,131,171,21,150,25,3,10,0,5,344,22,87,1,27,0,77,1093,2102
MANIPUR,CID,2008,0,0,0,0,0,0,0,0,0,0,0,0,0,0,0,0,0,1,1,0,0,0,0,0,0,0,0,0,0,2
ODISHA,DCP BBSR,2008,51,58,2,36,0,36,45,24,21,14,10,106,334,1216,578,638,68,13,243,4,12,768,23,61,7,38,0,164,783,4056
ODISHA,DCP CTC,2008,14,21,51,18,0,18,21,17,4,15,8,66,138,581,248,333,27,7,51,0,4,55,15,18,3,55,0,269,475,1912
PUNJAB,LUDHIANA RURAL,2008,16,20,4,14,0,14,21,12,9,0,4,2,53,120,36,84,0,9,46,2,0,131,4,4,5,19,0,60,255,789
PUNJAB,SBS NAGAR,2008,20,12,4,14,0,14,7,3,4,0,0,9,49,74,22,52,0,6,109,0,0,210,2,9,0,28,0,88,155,796
TAMIL NADU,CHENNAISUBURBAN,2008,74,76,0,21,0,21,29,24,5,0,0,16,228,563,117,446,48,7,66,2,1,437,28,42,42,41,0,247,1489,3457
UTTAR PRADESH,KANSHIRAM NAGAR,2008,60,54,8,19,0,19,40,29,11,2,0,7,31,76,18,58,25,14,19,1,6,19,30,31,5,31,0,61,366,905
DELHI UT,CAW,2008,0,0,0,0,0,0,0,0,0,0,0,0,0,0,0,0,0,0,0,0,0,1,0,1,0,104,0,0,1,107
DELHI UT,CRIME BRANCH,2008,1,1,0,0,0,0,0,0,0,0,0,0,0,1,0,1,0,0,14,1,0,0,0,0,0,0,0,0,12,30
DELHI UT,EOW,2008,0,0,0,0,0,0,0,0,0,0,0,0,0,0,0,0,0,8,137,0,0,0,0,0,2,0,0,0,23,170
DELHI UT,SOUTH-EAST,2008,66,37,6,61,0,61,182,123,59,1,38,66,222,2162,1342,820,9,41,148,6,5,181,15,82,25,156,0,253,2142,5904
PUDUCHERRY,PUDUCHERRY,2008,30,29,3,7,0,7,15,8,7,10,3,10,76,617,406,211,129,13,48,2,8,697,2,40,17,10,0,163,2333,4262
ARUNACHAL PRADESH,ANJAW,2009,0,0,0,0,0,0,0,0,0,0,0,0,2,0,0,0,0,0,0,0,0,6,0,0,0,0,0,7,5,20
HIMACHAL PRADESH,BADDIPOLICEDIST,2009,10,1,0,2,0,2,3,1,2,0,0,3,26,28,15,13,28,7,3,0,1,133,0,5,0,9,0,43,121,423
JAMMU & KASHMIR,RAILWAYS KMR,2009,0,0,0,0,0,0,0,0,0,0,0,0,1,0,0,0,0,0,0,0,0,0,0,2,0,0,0,0,7,10
TAMIL NADU,TIRUPPUR,2009,58,29,0,12,0,12,61,42,19,6,2,68,239,905,305,600,76,9,79,2,7,515,3,46,8,46,0,762,2275,5208
ANDHRA PRADESH,GUNTUR URBAN,2010,43,26,1,12,0,12,27,5,22,2,0,19,123,743,220,523,9,34,236,2,9,321,13,48,54,245,0,232,1009,3208
ANDHRA PRADESH,RAJAHMUNDRY,2010,21,20,1,10,0,10,30,12,18,3,0,10,129,382,6,376,5,35,82,4,4,620,4,47,39,96,0,164,316,2022
ANDHRA PRADESH,TIRUPATHI URBAN,2010,31,35,0,10,0,10,26,15,11,2,0,4,119,636,221,415,25,7,150,1,4,696,5,38,25,85,0,237,471,2607
ANDHRA PRADESH,WARANGAL URBAN,2010,21,16,1,17,0,17,28,28,0,0,0,6,122,245,0,245,44,3,165,1,42,566,12,50,25,412,0,245,495,2516
ARUNACHAL PRADESH,RURAL,2010,3,2,0,3,0,3,2,2,0,2,0,1,9,7,1,6,2,1,4,0,3,24,0,5,0,0,0,0,27,95
GUJARAT,CID CRIME,2010,3,0,0,1,0,1,0,0,0,0,0,0,0,1,0,1,0,7,14,0,0,0,0,0,0,0,0,0,1,27
JAMMU & KASHMIR,CRIME KASHMIR,2010,0,0,0,0,0,0,0,0,0,0,0,0,0,0,0,0,0,3,29,0,0,0,0,0,0,0,0,0,0,32
JAMMU & KASHMIR,SOPORE,2010,30,67,0,9,0,9,38,34,4,0,0,3,63,145,8,137,122,2,1,0,18,1,0,59,13,3,0,0,160,734
KARNATAKA,YADGIRI,2010,23,51,0,5,0,5,20,0,20,3,0,3,59,67,25,42,202,0,24,3,5,341,3,65,3,47,0,5,613,1542
PUNJAB,CP AMRITSAR,2010,53,71,7,24,0,24,51,43,8,3,18,9,83,257,104,153,0,16,275,14,4,152,10,10,4,87,0,70,615,1833
PUNJAB,CP JALANDHAR,2010,29,51,8,22,0,22,57,40,17,5,10,19,176,495,243,252,0,10,271,5,6,205,5,27,4,82,0,101,538,2126
PUNJAB,CP LUDHIANA,2010,90,92,14,55,0,55,152,108,44,8,5,31,229,888,484,404,0,39,417,5,6,248,9,29,11,119,0,263,1212,3922
PUNJAB,JALANDHAR RURAL,2010,46,73,6,39,0,39,33,26,7,9,11,39,165,244,74,170,0,6,121,2,13,323,4,24,4,62,0,163,422,1809
RAJASTHAN,G.R.P. AJMER,2010,6,3,0,0,0,0,1,0,1,1,0,5,2,386,23,363,2,0,3,0,0,0,3,1,0,0,0,1,203,617
RAJASTHAN,G.R.P. JODHPUR,2010,2,1,0,2,0,2,0,0,0,0,0,2,0,91,13,78,3,0,0,0,0,1,0,1,2,0,0,0,44,149
UTTAR PRADESH,CSM NAGAR,2010,30,28,15,30,0,30,79,75,4,0,0,11,43,86,32,54,48,19,34,1,0,182,13,17,0,9,0,53,604,1302
UTTAR PRADESH,RAMABAI NAGAR,2010,30,33,16,12,0,12,83,80,3,2,0,11,24,102,38,64,36,33,63,3,1,161,22,38,0,88,0,212,747,1717
CHHATTISGARH,GARIYABAND,2011,28,14,0,21,0,21,4,1,3,3,0,2,34,38,15,23,6,0,6,0,9,267,5,30,1,8,0,37,174,687
GUJARAT,KUTCH (EAST(G)),2011,35,11,0,8,0,8,24,17,7,3,1,22,96,256,116,140,34,18,24,3,4,233,2,13,1,137,0,0,1701,2626
GUJARAT,KUTCH (WEST-BHUJ),2011,24,12,1,15,0,15,15,15,0,2,0,6,106,212,112,100,46,31,13,3,6,165,0,14,0,108,0,6,1134,1919
GUJARAT,W.RLY AHMEDABAD,2011,7,0,0,0,0,0,2,1,1,0,0,5,8,212,20,192,6,3,9,0,0,24,0,6,0,0,0,0,43,325
GUJARAT,W.RLY VADODARA,2011,5,1,0,0,0,0,1,1,0,1,2,7,2,554,41,513,0,6,30,0,0,51,0,2,0,0,0,3,40,705
JAMMU & KASHMIR,RAILWAYS JAMMU,2011,0,1,0,0,0,0,0,0,0,0,0,0,0,4,1,3,0,0,3,0,1,0,0,0,0,0,0,2,4,15
JAMMU & KASHMIR,RAILWAYS KASHMIR,2011,0,0,0,0,0,0,0,0,0,0,0,0,0,10,0,10,2,0,2,0,0,0,0,0,1,0,0,0,12,27
KARNATAKA,MANGALORE CITY,2011,22,20,0,16,0,16,8,4,4,0,2,30,111,238,137,101,101,2,133,7,0,211,0,27,2,43,0,0,1642,2615
KERALA,KOLLAM COMMR.,2011,14,41,3,51,0,51,21,20,1,4,21,16,105,227,90,137,602,16,86,5,18,1146,1,192,19,319,0,1,3449,6357
KERALA,KOLLAM RURAL,2011,29,25,2,46,0,46,13,10,3,1,7,24,164,170,43,127,460,7,126,0,16,1500,0,255,8,298,0,11,3374,6536
KERALA,THRISSUR COMMR.,2011,8,17,7,28,0,28,12,10,2,7,10,28,75,144,61,83,362,7,678,2,10,340,0,100,28,131,0,3,2894,4891
KERALA,THRISSUR RURAL,2011,24,41,15,69,0,69,12,12,0,3,10,34,180,251,53,198,597,13,479,0,27,942,1,263,28,449,0,11,8037,11486
PUNJAB,FAZILKA,2011,22,21,3,21,0,21,25,17,8,0,1,0,60,100,48,52,0,6,83,2,0,195,3,5,0,29,0,51,213,840
PUNJAB,PATHANKOT,2011,12,9,4,10,0,10,15,12,3,0,0,1,30,45,22,23,0,9,29,1,1,54,5,2,0,21,0,58,235,541
RAJASTHAN,G.R.P.AJMER,2011,6,6,0,2,0,2,6,6,0,1,0,5,0,500,22,478,1,3,3,1,0,4,0,9,0,0,0,3,115,665
RAJASTHAN,G.R.P.JODHPUR,2011,4,1,0,0,0,0,2,1,1,0,0,1,0,85,6,79,2,1,0,0,0,0,0,7,0,0,0,1,51,155
RAJASTHAN,JAIPUR WEST,2011,27,19,0,23,0,23,88,72,16,0,3,48,263,982,589,393,11,151,792,1,6,241,10,25,0,208,0,278,1815,4991
UTTAR PRADESH,BHIM NAGAR,2011,72,90,14,34,0,34,114,105,9,19,4,48,65,196,70,126,36,44,0,0,2,31,29,43,0,61,0,102,733,1737
UTTAR PRADESH,PANCHSHIL NAGAR,2011,61,72,10,18,0,18,100,78,22,4,0,55,61,353,226,127,58,26,139,1,3,22,15,25,0,72,0,190,774,2059
UTTAR PRADESH,PRABUDDH NAGAR,2011,57,65,12,11,0,11,66,52,14,2,3,55,22,207,102,105,53,16,63,2,3,9,10,13,0,83,0,67,467,1286
ASSAM,BAKSA,2012,38,7,0,33,0,33,62,50,12,5,0,14,22,104,26,78,3,6,14,0,4,66,3,4,0,15,0,31,233,664
ASSAM,BIEO,2012,0,0,0,0,0,0,0,0,0,0,0,0,0,0,0,0,0,16,0,0,0,0,0,0,0,0,0,0,0,16
ASSAM,HAMREN,2012,9,0,0,3,0,3,16,12,4,0,0,3,19,36,3,33,3,9,1,0,3,21,0,2,0,3,0,9,13,150
CHHATTISGARH,BALOD,2012,15,2,2,22,0,22,7,6,1,2,0,6,70,75,25,50,14,1,27,1,4,24,4,50,1,9,0,93,688,1117
CHHATTISGARH,BALODA BAZAR,2012,24,18,2,45,0,45,18,18,0,3,0,26,182,181,57,124,39,6,18,0,20,858,0,98,10,37,0,131,655,2371
CHHATTISGARH,BEMETARA,2012,12,15,0,24,0,24,19,18,1,0,0,8,57,105,35,70,19,0,16,1,6,30,3,61,5,29,0,87,826,1323
CHHATTISGARH,KONDAGAON,2012,21,8,0,11,0,11,7,0,7,0,0,0,20,23,0,23,3,0,3,0,2,126,0,4,3,2,0,54,250,537
CHHATTISGARH,MUNGELI,2012,18,4,0,6,0,6,13,13,0,0,0,9,83,94,24,70,40,5,13,0,12,31,2,24,3,26,0,39,590,1012
CHHATTISGARH,SUKMA,2012,24,30,0,1,0,1,7,5,2,6,0,3,8,7,2,5,3,0,2,0,10,14,0,2,0,2,0,15,71,205
HARYANA,AMBALA RURAL,2012,13,15,1,11,0,11,28,19,9,1,2,6,118,209,102,107,0,4,45,0,3,66,7,12,4,73,0,2,462,1082
HARYANA,AMBALA URBAN,2012,15,16,3,21,0,21,75,39,36,0,0,21,362,600,361,239,1,53,99,1,5,109,5,23,14,159,0,1,759,2342
JAMMU & KASHMIR,RAILWAYS KATRA,2012,0,0,0,0,0,0,0,0,0,0,0,0,0,2,0,2,0,0,0,0,0,0,0,0,0,0,0,0,0,2
RAJASTHAN,JODHPUR EAST,2012,12,27,3,20,0,20,15,13,2,0,0,16,50,397,274,123,0,1,447,1,1,417,11,16,0,296,0,114,459,2303
RAJASTHAN,JODHPUR WEST,2012,15,42,3,20,0,20,29,23,6,0,0,23,124,646,443,203,0,6,275,2,12,286,5,27,0,5,0,170,538,2228
TRIPURA,GOMATI,2012,18,8,0,26,0,26,16,14,2,2,0,5,28,132,38,94,29,5,12,1,7,321,4,34,0,157,0,0,342,1147
TRIPURA,KHOWAI,2012,12,4,0,10,0,10,5,3,2,0,0,1,18,33,7,26,13,3,9,0,7,131,3,22,0,36,0,0,116,423
TRIPURA,SIPAHIJALA,2012,12,9,0,23,0,23,29,24,5,0,0,10,37,84,17,67,16,1,14,0,17,250,3,42,1,155,0,5,279,987
TRIPURA,UNAKOTI,2012,9,8,1,26,0,26,10,9,1,0,0,9,5,45,2,43,6,4,20,2,3,159,2,26,2,92,0,1,103,533
WEST BENGAL,BDN CP,2012,15,35,4,13,0,13,53,0,53,3,53,17,10,847,216,631,32,15,186,3,0,0,9,58,8,320,0,0,1765,3446
WEST BENGAL,BKP CP,2012,89,49,18,36,0,36,214,201,13,16,44,48,9,1357,508,849,125,49,224,3,0,143,20,88,2,989,0,124,2961,6608
WEST BENGAL,JHARGRAM,2012,30,23,5,21,0,21,21,21,0,10,1,19,3,97,11,86,52,3,17,1,1,11,6,28,0,47,0,51,264,711
WEST BENGAL,SILIGURI_PC,2012,32,6,6,21,0,21,123,111,12,3,5,29,3,849,365,484,9,53,195,0,3,812,3,35,12,370,0,69,385,3023
A & N ISLANDS,CAR,2012,2,0,0,0,0,0,1,1,0,1,0,0,0,4,0,4,0,0,2,0,0,4,0,1,0,0,0,1,8,24
